Iteration,numThreads,range,size,minTxOps,minNonTxOps,ReadOnlyFrac,throughputOps,throughputTxs,aborts,elapsedTime,numReadOps,numWriteOps,operations,,,,
0,2,2048,1024,10,10,0.5,71000,250,2,0.008,558,10,568,,,,
1,2,2048,1024,10,10,0.5,264000,2000,2,0.001,254,10,264,,numThreads,throughputOps,throughputTxs
2,2,2048,1024,10,10,0.5,1321000,2000,3,0.001,1311,10,1321,,2,4.88839E+18,4.88839E+18
3,2,2048,1024,10,10,0.5,20000,2000,2,0.001,0,20,20,,4,4.51945E+18,4.51945E+18
4,2,2048,1024,10,10,0.5,9.22337E+18,9.22337E+18,2,0,0,30,30,,8,8.30103E+17,8.30103E+17
5,2,2048,1024,10,10,0.5,9.22337E+18,9.22337E+18,3,0,1033,10,1043,,16,4393649.87,8566.81
6,2,2048,1024,10,10,0.5,281000,2000,2,0.001,271,10,281,,32,4860814.3,8739.2
7,2,2048,1024,10,10,0.5,1151000,2000,3,0.001,1141,10,1151,,64,5772641.64,9620.25
8,2,2048,1024,10,10,0.5,9.22337E+18,9.22337E+18,2,0,0,20,20,,128,6854844.38,9394.31
9,2,2048,1024,10,10,0.5,9.22337E+18,9.22337E+18,2,0,1426,10,1436,,,,
10,2,2048,1024,10,10,0.5,9.22337E+18,9.22337E+18,2,0,869,10,879,,,,
11,2,2048,1024,10,10,0.5,1745000,2000,1,0.001,1745,0,1745,,,,
12,2,2048,1024,10,10,0.5,20000,2000,1,0.001,0,20,20,,,,
13,2,2048,1024,10,10,0.5,430000,2000,3,0.001,420,10,430,,,,
14,2,2048,1024,10,10,0.5,765000,2000,2,0.001,755,10,765,,,,
15,2,2048,1024,10,10,0.5,794000,2000,2,0.001,784,10,794,,,,
16,2,2048,1024,10,10,0.5,1322000,2000,2,0.001,1312,10,1322,,,,
17,2,2048,1024,10,10,0.5,734000,2000,1,0.001,734,0,734,,,,
18,2,2048,1024,10,10,0.5,1108000,2000,3,0.001,1098,10,1108,,,,
19,2,2048,1024,10,10,0.5,578000,2000,1,0.001,578,0,578,,,,
20,2,2048,1024,10,10,0.5,1111000,2000,1,0.001,1111,0,1111,,,,
21,2,2048,1024,10,10,0.5,960000,2000,2,0.001,960,0,960,,,,
22,2,2048,1024,10,10,0.5,57000,1000,1,0.002,104,10,114,,,,
23,2,2048,1024,10,10,0.5,20000,2000,1,0.001,0,20,20,,,,
24,2,2048,1024,10,10,0.5,467000,2000,1,0.001,457,10,467,,,,
25,2,2048,1024,10,10,0.5,9.22337E+18,9.22337E+18,2,0,125,10,135,,,,
26,2,2048,1024,10,10,0.5,9.22337E+18,9.22337E+18,1,0,491,0,491,,,,
27,2,2048,1024,10,10,0.5,9.22337E+18,9.22337E+18,3,0,943,10,953,,,,
28,2,2048,1024,10,10,0.5,9.22337E+18,9.22337E+18,1,0,52,10,62,,,,
29,2,2048,1024,10,10,0.5,20000,2000,2,0.001,0,20,20,,,,
30,2,2048,1024,10,10,0.5,20000,2000,2,0.001,0,20,20,,,,
31,2,2048,1024,10,10,0.5,1327000,2000,1,0.001,1327,0,1327,,,,
32,2,2048,1024,10,10,0.5,762000,2000,2,0.001,752,10,762,,,,
33,2,2048,1024,10,10,0.5,1156000,2000,2,0.001,1146,10,1156,,,,
34,2,2048,1024,10,10,0.5,1477000,2000,2,0.001,1477,0,1477,,,,
35,2,2048,1024,10,10,0.5,9.22337E+18,9.22337E+18,1,0,0,20,20,,,,
36,2,2048,1024,10,10,0.5,9.22337E+18,9.22337E+18,2,0,786,10,796,,,,
37,2,2048,1024,10,10,0.5,1607000,2000,1,0.001,1607,0,1607,,,,
38,2,2048,1024,10,10,0.5,9.22337E+18,9.22337E+18,1,0,627,0,627,,,,
39,2,2048,1024,10,10,0.5,9.22337E+18,9.22337E+18,1,0,0,20,20,,,,
40,2,2048,1024,10,10,0.5,9.22337E+18,9.22337E+18,2,0,1425,10,1435,,,,
41,2,2048,1024,10,10,0.5,9.22337E+18,9.22337E+18,2,0,1300,10,1310,,,,
42,2,2048,1024,10,10,0.5,926000,2000,1,0.001,926,0,926,,,,
43,2,2048,1024,10,10,0.5,9.22337E+18,9.22337E+18,1,0,1161,0,1161,,,,
44,2,2048,1024,10,10,0.5,9.22337E+18,9.22337E+18,5,0,532,10,542,,,,
45,2,2048,1024,10,10,0.5,9.22337E+18,9.22337E+18,1,0,0,20,20,,,,
46,2,2048,1024,10,10,0.5,9.22337E+18,9.22337E+18,3,0,864,10,874,,,,
47,2,2048,1024,10,10,0.5,864000,2000,1,0.001,854,10,864,,,,
48,2,2048,1024,10,10,0.5,844000,2000,1,0.001,844,0,844,,,,
49,2,2048,1024,10,10,0.5,9.22337E+18,9.22337E+18,2,0,442,0,442,,,,
50,2,2048,1024,10,10,0.5,1045000,2000,2,0.001,1035,10,1045,,,,
51,2,2048,1024,10,10,0.5,9.22337E+18,9.22337E+18,2,0,528,10,538,,,,
52,2,2048,1024,10,10,0.5,9.22337E+18,9.22337E+18,1,0,33,10,43,,,,
53,2,2048,1024,10,10,0.5,9.22337E+18,9.22337E+18,1,0,0,20,20,,,,
54,2,2048,1024,10,10,0.5,5000,500,1,0.004,0,20,20,,,,
55,2,2048,1024,10,10,0.5,1091000,2000,1,0.001,1091,0,1091,,,,
56,2,2048,1024,10,10,0.5,9.22337E+18,9.22337E+18,2,0,1266,10,1276,,,,
57,2,2048,1024,10,10,0.5,9.22337E+18,9.22337E+18,1,0,1783,0,1783,,,,
58,2,2048,1024,10,10,0.5,9.22337E+18,9.22337E+18,1,0,0,20,20,,,,
59,2,2048,1024,10,10,0.5,9.22337E+18,9.22337E+18,1,0,610,0,610,,,,
60,2,2048,1024,10,10,0.5,9.22337E+18,9.22337E+18,1,0,345,0,345,,,,
61,2,2048,1024,10,10,0.5,9.22337E+18,9.22337E+18,3,0,431,10,441,,,,
62,2,2048,1024,10,10,0.5,20000,2000,1,0.001,0,20,20,,,,
63,2,2048,1024,10,10,0.5,9.22337E+18,9.22337E+18,1,0,0,20,20,,,,
64,2,2048,1024,10,10,0.5,1117000,2000,3,0.001,1107,10,1117,,,,
65,2,2048,1024,10,10,0.5,9.22337E+18,9.22337E+18,1,0,1439,0,1439,,,,
66,2,2048,1024,10,10,0.5,20000,2000,1,0.001,0,20,20,,,,
67,2,2048,1024,10,10,0.5,9.22337E+18,9.22337E+18,2,0,1354,10,1364,,,,
68,2,2048,1024,10,10,0.5,9.22337E+18,9.22337E+18,2,0,1310,10,1320,,,,
69,2,2048,1024,10,10,0.5,794000,2000,1,0.001,794,0,794,,,,
70,2,2048,1024,10,10,0.5,9.22337E+18,9.22337E+18,1,0,0,20,20,,,,
71,2,2048,1024,10,10,0.5,9.22337E+18,9.22337E+18,2,0,722,0,722,,,,
72,2,2048,1024,10,10,0.5,1005000,2000,2,0.001,995,10,1005,,,,
73,2,2048,1024,10,10,0.5,9.22337E+18,9.22337E+18,1,0,467,10,477,,,,
74,2,2048,1024,10,10,0.5,9.22337E+18,9.22337E+18,2,0,853,10,863,,,,
75,2,2048,1024,10,10,0.5,9.22337E+18,9.22337E+18,2,0,361,10,371,,,,
76,2,2048,1024,10,10,0.5,9.22337E+18,9.22337E+18,1,0,1360,0,1360,,,,
77,2,2048,1024,10,10,0.5,426000,2000,2,0.001,426,0,426,,,,
78,2,2048,1024,10,10,0.5,9.22337E+18,9.22337E+18,1,0,0,20,20,,,,
79,2,2048,1024,10,10,0.5,9.22337E+18,9.22337E+18,2,0,273,0,273,,,,
80,2,2048,1024,10,10,0.5,9.22337E+18,9.22337E+18,3,0,1021,10,1031,,,,
81,2,2048,1024,10,10,0.5,9.22337E+18,9.22337E+18,2,0,1372,10,1382,,,,
82,2,2048,1024,10,10,0.5,842000,2000,2,0.001,832,10,842,,,,
83,2,2048,1024,10,10,0.5,467000,2000,2,0.001,457,10,467,,,,
84,2,2048,1024,10,10,0.5,723000,2000,2,0.001,713,10,723,,,,
85,2,2048,1024,10,10,0.5,9.22337E+18,9.22337E+18,2,0,865,10,875,,,,
86,2,2048,1024,10,10,0.5,9.22337E+18,9.22337E+18,3,0,1169,10,1179,,,,
87,2,2048,1024,10,10,0.5,9.22337E+18,9.22337E+18,2,0,1298,10,1308,,,,
88,2,2048,1024,10,10,0.5,112000,2000,1,0.001,102,10,112,,,,
89,2,2048,1024,10,10,0.5,20000,2000,1,0.001,0,20,20,,,,
90,2,2048,1024,10,10,0.5,9.22337E+18,9.22337E+18,2,0,648,10,658,,,,
91,2,2048,1024,10,10,0.5,9.22337E+18,9.22337E+18,2,0,1191,10,1201,,,,
92,2,2048,1024,10,10,0.5,9.22337E+18,9.22337E+18,2,0,474,10,484,,,,
93,2,2048,1024,10,10,0.5,16000,2000,1,0.001,6,10,16,,,,
94,2,2048,1024,10,10,0.5,20000,2000,1,0.001,0,20,20,,,,
95,2,2048,1024,10,10,0.5,9.22337E+18,9.22337E+18,3,0,860,10,870,,,,
96,2,2048,1024,10,10,0.5,9.22337E+18,9.22337E+18,1,0,235,0,235,,,,
97,2,2048,1024,10,10,0.5,9.22337E+18,9.22337E+18,1,0,1284,0,1284,,,,
98,2,2048,1024,10,10,0.5,20000,2000,2,0.001,0,20,20,,,,
99,2,2048,1024,10,10,0.5,9.22337E+18,9.22337E+18,1,0,677,0,677,,,,
0,4,2048,1024,10,10,0.5,213166,666,4,0.006,1269,10,1279,,,,
1,4,2048,1024,10,10,0.5,1427000,4000,3,0.001,1417,10,1427,,,,
2,4,2048,1024,10,10,0.5,1577000,4000,5,0.001,1557,20,1577,,,,
3,4,2048,1024,10,10,0.5,447000,4000,2,0.001,417,30,447,,,,
4,4,2048,1024,10,10,0.5,1790000,4000,3,0.001,1770,20,1790,,,,
5,4,2048,1024,10,10,0.5,879000,4000,1,0.001,849,30,879,,,,
6,4,2048,1024,10,10,0.5,1237000,2000,4,0.002,2464,10,2474,,,,
7,4,2048,1024,10,10,0.5,1168000,4000,2,0.001,1138,30,1168,,,,
8,4,2048,1024,10,10,0.5,61000,4000,2,0.001,21,40,61,,,,
9,4,2048,1024,10,10,0.5,9.22337E+18,9.22337E+18,4,0,1244,20,1264,,,,
10,4,2048,1024,10,10,0.5,977000,4000,4,0.001,957,20,977,,,,
11,4,2048,1024,10,10,0.5,20000,2000,1,0.002,0,40,40,,,,
12,4,2048,1024,10,10,0.5,2454000,4000,2,0.001,2454,0,2454,,,,
13,4,2048,1024,10,10,0.5,9.22337E+18,9.22337E+18,5,0,2066,20,2086,,,,
14,4,2048,1024,10,10,0.5,1519000,4000,4,0.001,1489,30,1519,,,,
15,4,2048,1024,10,10,0.5,2597000,4000,7,0.001,2587,10,2597,,,,
16,4,2048,1024,10,10,0.5,9.22337E+18,9.22337E+18,4,0,2527,10,2537,,,,
17,4,2048,1024,10,10,0.5,1831000,4000,3,0.001,1811,20,1831,,,,
18,4,2048,1024,10,10,0.5,9.22337E+18,9.22337E+18,4,0,1957,10,1967,,,,
19,4,2048,1024,10,10,0.5,9.22337E+18,9.22337E+18,5,0,1989,20,2009,,,,
20,4,2048,1024,10,10,0.5,9.22337E+18,9.22337E+18,5,0,2186,20,2206,,,,
21,4,2048,1024,10,10,0.5,9.22337E+18,9.22337E+18,5,0,2933,20,2953,,,,
22,4,2048,1024,10,10,0.5,1597000,4000,5,0.001,1557,40,1597,,,,
23,4,2048,1024,10,10,0.5,697000,4000,2,0.001,677,20,697,,,,
24,4,2048,1024,10,10,0.5,1885000,4000,2,0.001,1865,20,1885,,,,
25,4,2048,1024,10,10,0.5,903000,4000,5,0.001,873,30,903,,,,
26,4,2048,1024,10,10,0.5,2292000,4000,5,0.001,2282,10,2292,,,,
27,4,2048,1024,10,10,0.5,1656000,4000,2,0.001,1636,20,1656,,,,
28,4,2048,1024,10,10,0.5,2298000,4000,1,0.001,2298,0,2298,,,,
29,4,2048,1024,10,10,0.5,9.22337E+18,9.22337E+18,3,0,2423,20,2443,,,,
30,4,2048,1024,10,10,0.5,9.22337E+18,9.22337E+18,6,0,2651,30,2681,,,,
31,4,2048,1024,10,10,0.5,9.22337E+18,9.22337E+18,1,0,930,10,940,,,,
32,4,2048,1024,10,10,0.5,9.22337E+18,9.22337E+18,5,0,1753,27,1780,,,,
33,4,2048,1024,10,10,0.5,9.22337E+18,9.22337E+18,4,0,1961,10,1971,,,,
34,4,2048,1024,10,10,0.5,9.22337E+18,9.22337E+18,4,0,1285,30,1315,,,,
35,4,2048,1024,10,10,0.5,9.22337E+18,9.22337E+18,2,0,1616,20,1636,,,,
36,4,2048,1024,10,10,0.5,217750,1000,2,0.004,841,30,871,,,,
37,4,2048,1024,10,10,0.5,2614000,4000,4,0.001,2604,10,2614,,,,
38,4,2048,1024,10,10,0.5,1879000,4000,4,0.001,1849,30,1879,,,,
39,4,2048,1024,10,10,0.5,9.22337E+18,9.22337E+18,5,0,1635,20,1655,,,,
40,4,2048,1024,10,10,0.5,9.22337E+18,9.22337E+18,3,0,1469,30,1499,,,,
41,4,2048,1024,10,10,0.5,9.22337E+18,9.22337E+18,4,0,3366,10,3376,,,,
42,4,2048,1024,10,10,0.5,9.22337E+18,9.22337E+18,3,0,1317,20,1337,,,,
43,4,2048,1024,10,10,0.5,1543000,4000,4,0.001,1523,20,1543,,,,
44,4,2048,1024,10,10,0.5,1696000,4000,3,0.001,1676,20,1696,,,,
45,4,2048,1024,10,10,0.5,9.22337E+18,9.22337E+18,1,0,2370,0,2370,,,,
46,4,2048,1024,10,10,0.5,9.22337E+18,9.22337E+18,8,0,940,50,990,,,,
47,4,2048,1024,10,10,0.5,2475000,4000,4,0.001,2465,10,2475,,,,
48,4,2048,1024,10,10,0.5,9.22337E+18,9.22337E+18,1,0,28,30,58,,,,
49,4,2048,1024,10,10,0.5,9.22337E+18,9.22337E+18,3,0,778,30,808,,,,
50,4,2048,1024,10,10,0.5,1734000,4000,5,0.001,1714,20,1734,,,,
51,4,2048,1024,10,10,0.5,1862000,4000,5,0.001,1842,20,1862,,,,
52,4,2048,1024,10,10,0.5,2432000,4000,4,0.001,2422,10,2432,,,,
53,4,2048,1024,10,10,0.5,9.22337E+18,9.22337E+18,4,0,299,40,339,,,,
54,4,2048,1024,10,10,0.5,9.22337E+18,9.22337E+18,4,0,2408,20,2428,,,,
55,4,2048,1024,10,10,0.5,9.22337E+18,9.22337E+18,2,0,1468,20,1488,,,,
56,4,2048,1024,10,10,0.5,9.22337E+18,9.22337E+18,3,0,366,30,396,,,,
57,4,2048,1024,10,10,0.5,9.22337E+18,9.22337E+18,3,0,1337,10,1347,,,,
58,4,2048,1024,10,10,0.5,2262000,4000,3,0.001,2242,20,2262,,,,
59,4,2048,1024,10,10,0.5,9.22337E+18,9.22337E+18,2,0,1489,20,1509,,,,
60,4,2048,1024,10,10,0.5,9.22337E+18,9.22337E+18,2,0,0,50,50,,,,
61,4,2048,1024,10,10,0.5,9.22337E+18,9.22337E+18,2,0,1099,10,1109,,,,
62,4,2048,1024,10,10,0.5,9.22337E+18,9.22337E+18,2,0,0,50,50,,,,
63,4,2048,1024,10,10,0.5,2624000,4000,3,0.001,2604,20,2624,,,,
64,4,2048,1024,10,10,0.5,1751000,4000,2,0.001,1741,10,1751,,,,
65,4,2048,1024,10,10,0.5,9.22337E+18,9.22337E+18,4,0,2504,20,2524,,,,
66,4,2048,1024,10,10,0.5,9.22337E+18,9.22337E+18,2,0,1051,20,1071,,,,
67,4,2048,1024,10,10,0.5,9.22337E+18,9.22337E+18,1,0,1757,0,1757,,,,
68,4,2048,1024,10,10,0.5,9.22337E+18,9.22337E+18,6,0,1698,40,1738,,,,
69,4,2048,1024,10,10,0.5,9.22337E+18,9.22337E+18,1,0,0,40,40,,,,
70,4,2048,1024,10,10,0.5,3311000,4000,4,0.001,3301,10,3311,,,,
71,4,2048,1024,10,10,0.5,1620000,4000,1,0.001,1620,0,1620,,,,
72,4,2048,1024,10,10,0.5,9.22337E+18,9.22337E+18,1,0,32,30,62,,,,
73,4,2048,1024,10,10,0.5,2740000,4000,4,0.001,2720,20,2740,,,,
74,4,2048,1024,10,10,0.5,1125000,4000,3,0.001,1105,20,1125,,,,
75,4,2048,1024,10,10,0.5,9.22337E+18,9.22337E+18,3,0,1311,20,1331,,,,
76,4,2048,1024,10,10,0.5,9.22337E+18,9.22337E+18,2,0,218,36,254,,,,
77,4,2048,1024,10,10,0.5,9.22337E+18,9.22337E+18,2,0,2216,10,2226,,,,
78,4,2048,1024,10,10,0.5,1242000,4000,4,0.001,1212,30,1242,,,,
79,4,2048,1024,10,10,0.5,2369000,4000,5,0.001,2349,20,2369,,,,
80,4,2048,1024,10,10,0.5,2792000,4000,3,0.001,2782,10,2792,,,,
81,4,2048,1024,10,10,0.5,9.22337E+18,9.22337E+18,4,0,2555,10,2565,,,,
82,4,2048,1024,10,10,0.5,9.22337E+18,9.22337E+18,2,0,762,10,772,,,,
83,4,2048,1024,10,10,0.5,9.22337E+18,9.22337E+18,4,0,1111,20,1131,,,,
84,4,2048,1024,10,10,0.5,9.22337E+18,9.22337E+18,3,0,418,20,438,,,,
85,4,2048,1024,10,10,0.5,9.22337E+18,9.22337E+18,3,0,1062,20,1082,,,,
86,4,2048,1024,10,10,0.5,9.22337E+18,9.22337E+18,2,0,1697,10,1707,,,,
87,4,2048,1024,10,10,0.5,9.22337E+18,9.22337E+18,3,0,940,30,970,,,,
88,4,2048,1024,10,10,0.5,1625000,4000,3,0.001,1605,20,1625,,,,
89,4,2048,1024,10,10,0.5,49000,4000,2,0.001,0,49,49,,,,
90,4,2048,1024,10,10,0.5,9.22337E+18,9.22337E+18,4,0,2913,20,2933,,,,
91,4,2048,1024,10,10,0.5,9.22337E+18,9.22337E+18,4,0,1518,30,1548,,,,
92,4,2048,1024,10,10,0.5,1883000,4000,3,0.001,1873,10,1883,,,,
93,4,2048,1024,10,10,0.5,2332000,4000,3,0.001,2322,10,2332,,,,
94,4,2048,1024,10,10,0.5,1419000,4000,5,0.001,1399,20,1419,,,,
95,4,2048,1024,10,10,0.5,3510000,4000,3,0.001,3490,20,3510,,,,
96,4,2048,1024,10,10,0.5,3278000,4000,4,0.001,3268,10,3278,,,,
97,4,2048,1024,10,10,0.5,1045000,4000,4,0.001,1025,20,1045,,,,
98,4,2048,1024,10,10,0.5,2789000,4000,1,0.001,2789,0,2789,,,,
99,4,2048,1024,10,10,0.5,3294000,4000,3,0.001,3284,10,3294,,,,
0,8,2048,1024,10,10,0.5,198000,1142,7,0.007,1346,40,1386,,,,
1,8,2048,1024,10,10,0.5,172000,8000,4,0.001,78,94,172,,,,
2,8,2048,1024,10,10,0.5,768500,4000,7,0.002,1467,70,1537,,,,
3,8,2048,1024,10,10,0.5,1544000,4000,6,0.002,3048,40,3088,,,,
4,8,2048,1024,10,10,0.5,2353500,4000,6,0.002,4687,20,4707,,,,
5,8,2048,1024,10,10,0.5,1923750,2000,22,0.004,7665,30,7695,,,,
6,8,2048,1024,10,10,0.5,1773000,8000,6,0.001,1723,50,1773,,,,
7,8,2048,1024,10,10,0.5,1018000,8000,8,0.001,958,60,1018,,,,
8,8,2048,1024,10,10,0.5,4837000,8000,24,0.001,4797,40,4837,,,,
9,8,2048,1024,10,10,0.5,1346000,2666,8,0.003,3988,50,4038,,,,
10,8,2048,1024,10,10,0.5,2167000,4000,8,0.002,4304,30,4334,,,,
11,8,2048,1024,10,10,0.5,2794000,8000,7,0.001,2744,50,2794,,,,
12,8,2048,1024,10,10,0.5,2379000,8000,5,0.001,2319,60,2379,,,,
13,8,2048,1024,10,10,0.5,3676000,8000,10,0.001,3636,40,3676,,,,
14,8,2048,1024,10,10,0.5,3460000,8000,4,0.001,3430,30,3460,,,,
15,8,2048,1024,10,10,0.5,2305000,8000,6,0.001,2250,55,2305,,,,
16,8,2048,1024,10,10,0.5,3934000,8000,6,0.001,3904,30,3934,,,,
17,8,2048,1024,10,10,0.5,3338000,8000,4,0.001,3298,40,3338,,,,
18,8,2048,1024,10,10,0.5,9.22337E+18,9.22337E+18,12,0,4484,56,4540,,,,
19,8,2048,1024,10,10,0.5,5667000,8000,14,0.001,5607,60,5667,,,,
20,8,2048,1024,10,10,0.5,5391000,8000,8,0.001,5331,60,5391,,,,
21,8,2048,1024,10,10,0.5,355000,1600,4,0.005,1705,70,1775,,,,
22,8,2048,1024,10,10,0.5,1945000,4000,8,0.002,3860,30,3890,,,,
23,8,2048,1024,10,10,0.5,1112000,8000,6,0.001,1039,73,1112,,,,
24,8,2048,1024,10,10,0.5,2907500,4000,5,0.002,5795,20,5815,,,,
25,8,2048,1024,10,10,0.5,1945000,8000,3,0.001,1885,60,1945,,,,
26,8,2048,1024,10,10,0.5,4814000,8000,11,0.001,4764,50,4814,,,,
27,8,2048,1024,10,10,0.5,6353000,8000,10,0.001,6323,30,6353,,,,
28,8,2048,1024,10,10,0.5,652000,8000,3,0.001,592,60,652,,,,
29,8,2048,1024,10,10,0.5,1872000,8000,6,0.001,1821,51,1872,,,,
30,8,2048,1024,10,10,0.5,2155000,8000,9,0.001,2085,70,2155,,,,
31,8,2048,1024,10,10,0.5,2985000,8000,5,0.001,2925,60,2985,,,,
32,8,2048,1024,10,10,0.5,3114000,8000,6,0.001,3084,30,3114,,,,
33,8,2048,1024,10,10,0.5,6242000,8000,8,0.001,6202,40,6242,,,,
34,8,2048,1024,10,10,0.5,1707000,4000,1,0.002,3404,10,3414,,,,
35,8,2048,1024,10,10,0.5,3596000,8000,4,0.001,3556,40,3596,,,,
36,8,2048,1024,10,10,0.5,2165000,4000,4,0.002,4300,30,4330,,,,
37,8,2048,1024,10,10,0.5,2116000,8000,2,0.001,2096,20,2116,,,,
38,8,2048,1024,10,10,0.5,2821000,8000,7,0.001,2771,50,2821,,,,
39,8,2048,1024,10,10,0.5,1374000,4000,3,0.002,2708,40,2748,,,,
40,8,2048,1024,10,10,0.5,2280500,4000,7,0.002,4521,40,4561,,,,
41,8,2048,1024,10,10,0.5,9.22337E+18,9.22337E+18,7,0,2483,40,2523,,,,
42,8,2048,1024,10,10,0.5,3175000,8000,13,0.001,3135,40,3175,,,,
43,8,2048,1024,10,10,0.5,9.22337E+18,9.22337E+18,3,0,1129,50,1179,,,,
44,8,2048,1024,10,10,0.5,2029000,8000,6,0.001,1969,60,2029,,,,
45,8,2048,1024,10,10,0.5,4493000,8000,8,0.001,4442,51,4493,,,,
46,8,2048,1024,10,10,0.5,1937500,4000,2,0.002,3845,30,3875,,,,
47,8,2048,1024,10,10,0.5,3292000,8000,4,0.001,3262,30,3292,,,,
48,8,2048,1024,10,10,0.5,2168000,8000,5,0.001,2118,50,2168,,,,
49,8,2048,1024,10,10,0.5,1881000,4000,4,0.002,3722,40,3762,,,,
50,8,2048,1024,10,10,0.5,1665000,8000,2,0.001,1635,30,1665,,,,
51,8,2048,1024,10,10,0.5,3527000,8000,8,0.001,3487,40,3527,,,,
52,8,2048,1024,10,10,0.5,2931000,4000,7,0.002,5822,40,5862,,,,
53,8,2048,1024,10,10,0.5,5085000,8000,7,0.001,5055,30,5085,,,,
54,8,2048,1024,10,10,0.5,3842000,8000,6,0.001,3792,50,3842,,,,
55,8,2048,1024,10,10,0.5,4744000,8000,8,0.001,4694,50,4744,,,,
56,8,2048,1024,10,10,0.5,5034000,8000,11,0.001,4984,50,5034,,,,
57,8,2048,1024,10,10,0.5,2476000,8000,4,0.001,2426,50,2476,,,,
58,8,2048,1024,10,10,0.5,9.22337E+18,9.22337E+18,2,0,876,70,946,,,,
59,8,2048,1024,10,10,0.5,1071000,8000,4,0.001,1011,60,1071,,,,
60,8,2048,1024,10,10,0.5,1218000,8000,2,0.001,1148,70,1218,,,,
61,8,2048,1024,10,10,0.5,9.22337E+18,9.22337E+18,8,0,2827,70,2897,,,,
62,8,2048,1024,10,10,0.5,3790000,8000,5,0.001,3750,40,3790,,,,
63,8,2048,1024,10,10,0.5,1560500,4000,2,0.002,3091,30,3121,,,,
64,8,2048,1024,10,10,0.5,2217000,8000,7,0.001,2157,60,2217,,,,
65,8,2048,1024,10,10,0.5,1757000,8000,8,0.001,1677,80,1757,,,,
66,8,2048,1024,10,10,0.5,9228000,8000,12,0.001,9198,30,9228,,,,
67,8,2048,1024,10,10,0.5,3522000,8000,10,0.001,3456,66,3522,,,,
68,8,2048,1024,10,10,0.5,3152000,8000,5,0.001,3102,50,3152,,,,
69,8,2048,1024,10,10,0.5,3266000,8000,10,0.001,3206,60,3266,,,,
70,8,2048,1024,10,10,0.5,6346000,8000,12,0.001,6286,60,6346,,,,
71,8,2048,1024,10,10,0.5,2678000,8000,1,0.001,2648,30,2678,,,,
72,8,2048,1024,10,10,0.5,2968000,8000,4,0.001,2908,60,2968,,,,
73,8,2048,1024,10,10,0.5,7462000,8000,9,0.001,7432,30,7462,,,,
74,8,2048,1024,10,10,0.5,4200000,8000,8,0.001,4151,49,4200,,,,
75,8,2048,1024,10,10,0.5,2324000,8000,4,0.001,2294,30,2324,,,,
76,8,2048,1024,10,10,0.5,3425000,8000,4,0.001,3405,20,3425,,,,
77,8,2048,1024,10,10,0.5,9.22337E+18,9.22337E+18,9,0,7088,30,7118,,,,
78,8,2048,1024,10,10,0.5,2885000,8000,4,0.001,2845,40,2885,,,,
79,8,2048,1024,10,10,0.5,3778000,8000,7,0.001,3719,59,3778,,,,
80,8,2048,1024,10,10,0.5,9.22337E+18,9.22337E+18,4,0,2010,32,2042,,,,
81,8,2048,1024,10,10,0.5,7007000,8000,14,0.001,6937,70,7007,,,,
82,8,2048,1024,10,10,0.5,5498000,8000,12,0.001,5468,30,5498,,,,
83,8,2048,1024,10,10,0.5,9.22337E+18,9.22337E+18,6,0,1781,95,1876,,,,
84,8,2048,1024,10,10,0.5,9.22337E+18,9.22337E+18,5,0,2633,40,2673,,,,
85,8,2048,1024,10,10,0.5,4730000,8000,11,0.001,4710,20,4730,,,,
86,8,2048,1024,10,10,0.5,3210000,8000,6,0.001,3180,30,3210,,,,
87,8,2048,1024,10,10,0.5,2255500,4000,15,0.002,4461,50,4511,,,,
88,8,2048,1024,10,10,0.5,4443000,8000,12,0.001,4403,40,4443,,,,
89,8,2048,1024,10,10,0.5,5018000,8000,8,0.001,4978,40,5018,,,,
90,8,2048,1024,10,10,0.5,3859000,8000,8,0.001,3809,50,3859,,,,
91,8,2048,1024,10,10,0.5,2592500,4000,7,0.002,5165,20,5185,,,,
92,8,2048,1024,10,10,0.5,4096000,8000,5,0.001,4056,40,4096,,,,
93,8,2048,1024,10,10,0.5,3821000,8000,4,0.001,3811,10,3821,,,,
94,8,2048,1024,10,10,0.5,1921000,8000,6,0.001,1853,68,1921,,,,
95,8,2048,1024,10,10,0.5,2825000,8000,8,0.001,2785,40,2825,,,,
96,8,2048,1024,10,10,0.5,6445000,8000,9,0.001,6425,20,6445,,,,
97,8,2048,1024,10,10,0.5,1641000,8000,5,0.001,1571,70,1641,,,,
98,8,2048,1024,10,10,0.5,4248000,8000,9,0.001,4218,30,4248,,,,
99,8,2048,1024,10,10,0.5,3422000,8000,5,0.001,3382,40,3422,,,,
0,16,2048,1024,10,10,0.5,704857,2285,82,0.007,4815,119,4934,,,,
1,16,2048,1024,10,10,0.5,997800,3200,17,0.005,4899,90,4989,,,,
2,16,2048,1024,10,10,0.5,518333,2666,8,0.006,2950,160,3110,,,,
3,16,2048,1024,10,10,0.5,3400750,4000,16,0.004,13583,20,13603,,,,
4,16,2048,1024,10,10,0.5,1490333,5333,8,0.003,4371,100,4471,,,,
5,16,2048,1024,10,10,0.5,4093333,5333,19,0.003,12170,110,12280,,,,
6,16,2048,1024,10,10,0.5,5393500,8000,14,0.002,10747,40,10787,,,,
7,16,2048,1024,10,10,0.5,2664333,5333,5,0.003,7973,20,7993,,,,
8,16,2048,1024,10,10,0.5,3685000,8000,22,0.002,7230,140,7370,,,,
9,16,2048,1024,10,10,0.5,5676000,8000,19,0.002,11292,60,11352,,,,
10,16,2048,1024,10,10,0.5,5297500,8000,17,0.002,10515,80,10595,,,,
11,16,2048,1024,10,10,0.5,3272750,4000,24,0.004,13001,90,13091,,,,
12,16,2048,1024,10,10,0.5,1336000,3200,13,0.005,6560,120,6680,,,,
13,16,2048,1024,10,10,0.5,1968000,8000,7,0.002,3830,106,3936,,,,
14,16,2048,1024,10,10,0.5,9257000,16000,23,0.001,9133,124,9257,,,,
15,16,2048,1024,10,10,0.5,3578000,8000,5,0.002,7076,80,7156,,,,
16,16,2048,1024,10,10,0.5,5035000,16000,11,0.001,4905,130,5035,,,,
17,16,2048,1024,10,10,0.5,4751500,8000,19,0.002,9393,110,9503,,,,
18,16,2048,1024,10,10,0.5,4605000,8000,13,0.002,9120,90,9210,,,,
19,16,2048,1024,10,10,0.5,6738500,8000,22,0.002,13387,90,13477,,,,
20,16,2048,1024,10,10,0.5,4581000,8000,21,0.002,9044,118,9162,,,,
21,16,2048,1024,10,10,0.5,4197000,8000,18,0.002,8287,107,8394,,,,
22,16,2048,1024,10,10,0.5,5133500,8000,13,0.002,10217,50,10267,,,,
23,16,2048,1024,10,10,0.5,3594000,8000,11,0.002,7108,80,7188,,,,
24,16,2048,1024,10,10,0.5,5584500,8000,20,0.002,11079,90,11169,,,,
25,16,2048,1024,10,10,0.5,5178000,8000,8,0.002,10296,60,10356,,,,
26,16,2048,1024,10,10,0.5,3990000,8000,19,0.002,7820,160,7980,,,,
27,16,2048,1024,10,10,0.5,2055000,8000,10,0.002,3991,119,4110,,,,
28,16,2048,1024,10,10,0.5,3783500,8000,15,0.002,7482,85,7567,,,,
29,16,2048,1024,10,10,0.5,7354000,16000,13,0.001,7264,90,7354,,,,
30,16,2048,1024,10,10,0.5,4695000,8000,12,0.002,9333,57,9390,,,,
31,16,2048,1024,10,10,0.5,1839500,8000,5,0.002,3560,119,3679,,,,
32,16,2048,1024,10,10,0.5,4649000,16000,5,0.001,4569,80,4649,,,,
33,16,2048,1024,10,10,0.5,6847500,8000,30,0.002,13615,80,13695,,,,
34,16,2048,1024,10,10,0.5,3749500,8000,10,0.002,7409,90,7499,,,,
35,16,2048,1024,10,10,0.5,3353000,8000,12,0.002,6566,140,6706,,,,
36,16,2048,1024,10,10,0.5,6609000,8000,15,0.002,13148,70,13218,,,,
37,16,2048,1024,10,10,0.5,4545000,8000,10,0.002,9040,50,9090,,,,
38,16,2048,1024,10,10,0.5,741250,4000,3,0.004,2875,90,2965,,,,
39,16,2048,1024,10,10,0.5,2855500,8000,6,0.002,5621,90,5711,,,,
40,16,2048,1024,10,10,0.5,2825000,8000,10,0.002,5580,70,5650,,,,
41,16,2048,1024,10,10,0.5,5098000,16000,10,0.001,4979,119,5098,,,,
42,16,2048,1024,10,10,0.5,2293333,5333,4,0.003,6820,60,6880,,,,
43,16,2048,1024,10,10,0.5,1937333,5333,7,0.003,5712,100,5812,,,,
44,16,2048,1024,10,10,0.5,3028000,8000,9,0.002,5986,70,6056,,,,
45,16,2048,1024,10,10,0.5,3321000,8000,8,0.002,6569,73,6642,,,,
46,16,2048,1024,10,10,0.5,969250,4000,2,0.004,3777,100,3877,,,,
47,16,2048,1024,10,10,0.5,1926500,8000,3,0.002,3803,50,3853,,,,
48,16,2048,1024,10,10,0.5,2002000,5333,8,0.003,5916,90,6006,,,,
49,16,2048,1024,10,10,0.5,3672500,8000,10,0.002,7285,60,7345,,,,
50,16,2048,1024,10,10,0.5,2312000,8000,10,0.002,4525,99,4624,,,,
51,16,2048,1024,10,10,0.5,4711500,8000,12,0.002,9351,72,9423,,,,
52,16,2048,1024,10,10,0.5,2861500,8000,8,0.002,5653,70,5723,,,,
53,16,2048,1024,10,10,0.5,3838000,5333,22,0.003,11404,110,11514,,,,
54,16,2048,1024,10,10,0.5,2841000,8000,12,0.002,5562,120,5682,,,,
55,16,2048,1024,10,10,0.5,2228500,8000,6,0.002,4377,80,4457,,,,
56,16,2048,1024,10,10,0.5,1576333,5333,4,0.003,4629,100,4729,,,,
57,16,2048,1024,10,10,0.5,3120000,8000,15,0.002,6150,90,6240,,,,
58,16,2048,1024,10,10,0.5,3363000,8000,8,0.002,6636,90,6726,,,,
59,16,2048,1024,10,10,0.5,3231500,8000,12,0.002,6353,110,6463,,,,
60,16,2048,1024,10,10,0.5,6435000,16000,15,0.001,6341,94,6435,,,,
61,16,2048,1024,10,10,0.5,1504500,8000,10,0.002,2874,135,3009,,,,
62,16,2048,1024,10,10,0.5,4482500,8000,16,0.002,8881,84,8965,,,,
63,16,2048,1024,10,10,0.5,4138333,5333,19,0.003,12345,70,12415,,,,
64,16,2048,1024,10,10,0.5,5071000,16000,17,0.001,4907,164,5071,,,,
65,16,2048,1024,10,10,0.5,3526500,8000,6,0.002,6993,60,7053,,,,
66,16,2048,1024,10,10,0.5,2402500,8000,7,0.002,4727,78,4805,,,,
67,16,2048,1024,10,10,0.5,7016000,16000,17,0.001,6896,120,7016,,,,
68,16,2048,1024,10,10,0.5,9733000,16000,20,0.001,9587,146,9733,,,,
69,16,2048,1024,10,10,0.5,3657500,8000,14,0.002,7215,100,7315,,,,
70,16,2048,1024,10,10,0.5,5919000,16000,15,0.001,5819,100,5919,,,,
71,16,2048,1024,10,10,0.5,5688500,8000,19,0.002,11297,80,11377,,,,
72,16,2048,1024,10,10,0.5,3685500,8000,11,0.002,7281,90,7371,,,,
73,16,2048,1024,10,10,0.5,7883500,8000,327,0.002,15671,96,15767,,,,
74,16,2048,1024,10,10,0.5,5296000,8000,13,0.002,10532,60,10592,,,,
75,16,2048,1024,10,10,0.5,8247000,8000,29,0.002,16404,90,16494,,,,
76,16,2048,1024,10,10,0.5,6385000,8000,21,0.002,12680,90,12770,,,,
77,16,2048,1024,10,10,0.5,3189000,8000,8,0.002,6288,90,6378,,,,
78,16,2048,1024,10,10,0.5,3352000,8000,10,0.002,6634,70,6704,,,,
79,16,2048,1024,10,10,0.5,1684000,8000,7,0.002,3287,81,3368,,,,
80,16,2048,1024,10,10,0.5,5424000,8000,17,0.002,10758,90,10848,,,,
81,16,2048,1024,10,10,0.5,930666,5333,10,0.003,2642,150,2792,,,,
82,16,2048,1024,10,10,0.5,6332000,8000,17,0.002,12604,60,12664,,,,
83,16,2048,1024,10,10,0.5,5475500,8000,14,0.002,10891,60,10951,,,,
84,16,2048,1024,10,10,0.5,4349000,16000,13,0.001,4219,130,4349,,,,
85,16,2048,1024,10,10,0.5,6980000,8000,20,0.002,13881,79,13960,,,,
86,16,2048,1024,10,10,0.5,9179000,8000,33,0.002,18278,80,18358,,,,
87,16,2048,1024,10,10,0.5,3563000,8000,8,0.002,7056,70,7126,,,,
88,16,2048,1024,10,10,0.5,5051000,8000,18,0.002,9972,130,10102,,,,
89,16,2048,1024,10,10,0.5,5100500,8000,12,0.002,10141,60,10201,,,,
90,16,2048,1024,10,10,0.5,5885500,8000,18,0.002,11681,90,11771,,,,
91,16,2048,1024,10,10,0.5,6959000,16000,12,0.001,6869,90,6959,,,,
92,16,2048,1024,10,10,0.5,5360000,8000,12,0.002,10680,40,10720,,,,
93,16,2048,1024,10,10,0.5,1315000,8000,5,0.002,2550,80,2630,,,,
94,16,2048,1024,10,10,0.5,5617500,8000,15,0.002,11185,50,11235,,,,
95,16,2048,1024,10,10,0.5,12508000,16000,25,0.001,12398,110,12508,,,,
96,16,2048,1024,10,10,0.5,8279000,8000,376,0.002,16500,58,16558,,,,
97,16,2048,1024,10,10,0.5,5576000,16000,16,0.001,5436,140,5576,,,,
98,16,2048,1024,10,10,0.5,10749000,16000,78,0.001,10622,127,10749,,,,
99,16,2048,1024,10,10,0.5,8480500,8000,37,0.002,16831,130,16961,,,,
0,32,2048,1024,10,10,0.5,1364066,2133,143,0.015,20120,341,20461,,,,
1,32,2048,1024,10,10,0.5,2060000,5333,30,0.006,12135,225,12360,,,,
2,32,2048,1024,10,10,0.5,4318750,8000,31,0.004,17103,172,17275,,,,
3,32,2048,1024,10,10,0.5,3634600,6400,88,0.005,17993,180,18173,,,,
4,32,2048,1024,10,10,0.5,2874142,4571,14,0.007,20019,100,20119,,,,
5,32,2048,1024,10,10,0.5,6234666,10666,35,0.003,18506,198,18704,,,,
6,32,2048,1024,10,10,0.5,3487857,4571,38,0.007,24245,170,24415,,,,
7,32,2048,1024,10,10,0.5,3672750,8000,26,0.004,14531,160,14691,,,,
8,32,2048,1024,10,10,0.5,3740500,8000,28,0.004,14742,220,14962,,,,
9,32,2048,1024,10,10,0.5,3582750,8000,22,0.004,14096,235,14331,,,,
10,32,2048,1024,10,10,0.5,2024333,5333,16,0.006,11956,190,12146,,,,
11,32,2048,1024,10,10,0.5,3309000,6400,18,0.005,16405,140,16545,,,,
12,32,2048,1024,10,10,0.5,4417500,8000,31,0.004,17430,240,17670,,,,
13,32,2048,1024,10,10,0.5,4093750,8000,20,0.004,16265,110,16375,,,,
14,32,2048,1024,10,10,0.5,5114750,8000,106,0.004,20191,268,20459,,,,
15,32,2048,1024,10,10,0.5,5104000,10666,27,0.003,15061,251,15312,,,,
16,32,2048,1024,10,10,0.5,4001000,8000,28,0.004,15838,166,16004,,,,
17,32,2048,1024,10,10,0.5,4361750,8000,23,0.004,17317,130,17447,,,,
18,32,2048,1024,10,10,0.5,2819250,8000,27,0.004,11087,190,11277,,,,
19,32,2048,1024,10,10,0.5,8646000,8000,59,0.004,34345,239,34584,,,,
20,32,2048,1024,10,10,0.5,4615333,10666,21,0.003,13646,200,13846,,,,
21,32,2048,1024,10,10,0.5,3849250,8000,28,0.004,15197,200,15397,,,,
22,32,2048,1024,10,10,0.5,4822333,10666,21,0.003,14317,150,14467,,,,
23,32,2048,1024,10,10,0.5,2813800,6400,19,0.005,13898,171,14069,,,,
24,32,2048,1024,10,10,0.5,3355000,10666,13,0.003,9895,170,10065,,,,
25,32,2048,1024,10,10,0.5,3692500,8000,15,0.004,14620,150,14770,,,,
26,32,2048,1024,10,10,0.5,4541750,8000,31,0.004,18007,160,18167,,,,
27,32,2048,1024,10,10,0.5,3821250,8000,31,0.004,15065,220,15285,,,,
28,32,2048,1024,10,10,0.5,3836800,6400,28,0.005,19014,170,19184,,,,
29,32,2048,1024,10,10,0.5,5152333,10666,23,0.003,15289,168,15457,,,,
30,32,2048,1024,10,10,0.5,4727000,8000,32,0.004,18748,160,18908,,,,
31,32,2048,1024,10,10,0.5,3224750,8000,12,0.004,12769,130,12899,,,,
32,32,2048,1024,10,10,0.5,2060833,5333,22,0.006,12145,220,12365,,,,
33,32,2048,1024,10,10,0.5,5673333,10666,32,0.003,16800,220,17020,,,,
34,32,2048,1024,10,10,0.5,3652000,8000,34,0.004,14312,296,14608,,,,
35,32,2048,1024,10,10,0.5,4676500,8000,32,0.004,18537,169,18706,,,,
36,32,2048,1024,10,10,0.5,5572750,8000,35,0.004,22075,216,22291,,,,
37,32,2048,1024,10,10,0.5,4220500,8000,33,0.004,16662,220,16882,,,,
38,32,2048,1024,10,10,0.5,6371666,10666,34,0.003,18945,170,19115,,,,
39,32,2048,1024,10,10,0.5,3538250,8000,22,0.004,14002,151,14153,,,,
40,32,2048,1024,10,10,0.5,5623500,8000,30,0.004,22337,157,22494,,,,
41,32,2048,1024,10,10,0.5,6552000,8000,34,0.004,26078,130,26208,,,,
42,32,2048,1024,10,10,0.5,3186800,6400,20,0.005,15804,130,15934,,,,
43,32,2048,1024,10,10,0.5,5758000,10666,43,0.003,17107,167,17274,,,,
44,32,2048,1024,10,10,0.5,1945000,6400,23,0.005,9430,295,9725,,,,
45,32,2048,1024,10,10,0.5,4535666,10666,19,0.003,13417,190,13607,,,,
46,32,2048,1024,10,10,0.5,5212666,10666,29,0.003,15458,180,15638,,,,
47,32,2048,1024,10,10,0.5,4594750,8000,25,0.004,18199,180,18379,,,,
48,32,2048,1024,10,10,0.5,3526250,8000,21,0.004,13920,185,14105,,,,
49,32,2048,1024,10,10,0.5,3613000,10666,122,0.003,10623,216,10839,,,,
50,32,2048,1024,10,10,0.5,4896000,8000,22,0.004,19434,150,19584,,,,
51,32,2048,1024,10,10,0.5,6115000,8000,41,0.004,24260,200,24460,,,,
52,32,2048,1024,10,10,0.5,4496250,8000,33,0.004,17785,200,17985,,,,
53,32,2048,1024,10,10,0.5,3602500,8000,22,0.004,14170,240,14410,,,,
54,32,2048,1024,10,10,0.5,4312000,10666,18,0.003,12746,190,12936,,,,
55,32,2048,1024,10,10,0.5,5372666,10666,37,0.003,15918,200,16118,,,,
56,32,2048,1024,10,10,0.5,6156500,8000,35,0.004,24426,200,24626,,,,
57,32,2048,1024,10,10,0.5,6892000,10666,34,0.003,20476,200,20676,,,,
58,32,2048,1024,10,10,0.5,6435750,8000,37,0.004,25605,138,25743,,,,
59,32,2048,1024,10,10,0.5,7132666,10666,32,0.003,21218,180,21398,,,,
60,32,2048,1024,10,10,0.5,4380750,8000,38,0.004,17247,276,17523,,,,
61,32,2048,1024,10,10,0.5,2239200,6400,18,0.005,10986,210,11196,,,,
62,32,2048,1024,10,10,0.5,4793000,8000,30,0.004,19019,153,19172,,,,
63,32,2048,1024,10,10,0.5,4742250,8000,29,0.004,18751,218,18969,,,,
64,32,2048,1024,10,10,0.5,4860000,8000,31,0.004,19290,150,19440,,,,
65,32,2048,1024,10,10,0.5,6507200,6400,52,0.005,32396,140,32536,,,,
66,32,2048,1024,10,10,0.5,6517000,8000,39,0.004,25898,170,26068,,,,
67,32,2048,1024,10,10,0.5,5198500,8000,30,0.004,20624,170,20794,,,,
68,32,2048,1024,10,10,0.5,2446000,6400,14,0.005,12050,180,12230,,,,
69,32,2048,1024,10,10,0.5,4798200,6400,30,0.005,23821,170,23991,,,,
70,32,2048,1024,10,10,0.5,7649333,10666,50,0.003,22698,250,22948,,,,
71,32,2048,1024,10,10,0.5,3758666,10666,20,0.003,11052,224,11276,,,,
72,32,2048,1024,10,10,0.5,5096500,8000,33,0.004,20236,150,20386,,,,
73,32,2048,1024,10,10,0.5,3990000,10666,25,0.003,11727,243,11970,,,,
74,32,2048,1024,10,10,0.5,5857666,10666,26,0.003,17403,170,17573,,,,
75,32,2048,1024,10,10,0.5,2915000,6400,24,0.005,14305,270,14575,,,,
76,32,2048,1024,10,10,0.5,4494333,10666,29,0.003,13233,250,13483,,,,
77,32,2048,1024,10,10,0.5,2901000,10666,18,0.003,8489,214,8703,,,,
78,32,2048,1024,10,10,0.5,5309500,8000,97,0.004,21008,230,21238,,,,
79,32,2048,1024,10,10,0.5,3451750,8000,24,0.004,13625,182,13807,,,,
80,32,2048,1024,10,10,0.5,7969000,10666,32,0.003,23747,160,23907,,,,
81,32,2048,1024,10,10,0.5,3589333,10666,11,0.003,10602,166,10768,,,,
82,32,2048,1024,10,10,0.5,5411500,8000,42,0.004,21318,328,21646,,,,
83,32,2048,1024,10,10,0.5,7487333,10666,39,0.003,22262,200,22462,,,,
84,32,2048,1024,10,10,0.5,6037000,8000,37,0.004,23988,160,24148,,,,
85,32,2048,1024,10,10,0.5,9316000,10666,49,0.003,27746,202,27948,,,,
86,32,2048,1024,10,10,0.5,6717333,10666,32,0.003,19952,200,20152,,,,
87,32,2048,1024,10,10,0.5,7043750,8000,40,0.004,28015,160,28175,,,,
88,32,2048,1024,10,10,0.5,7520333,10666,32,0.003,22381,180,22561,,,,
89,32,2048,1024,10,10,0.5,5781000,8000,31,0.004,22964,160,23124,,,,
90,32,2048,1024,10,10,0.5,5180750,8000,21,0.004,20603,120,20723,,,,
91,32,2048,1024,10,10,0.5,8807000,10666,58,0.003,26121,300,26421,,,,
92,32,2048,1024,10,10,0.5,6135000,10666,27,0.003,18185,220,18405,,,,
93,32,2048,1024,10,10,0.5,6628666,10666,34,0.003,19670,216,19886,,,,
94,32,2048,1024,10,10,0.5,9017000,16000,24,0.002,17854,180,18034,,,,
95,32,2048,1024,10,10,0.5,8230500,16000,31,0.002,16291,170,16461,,,,
96,32,2048,1024,10,10,0.5,11319000,32000,31,0.001,11085,234,11319,,,,
97,32,2048,1024,10,10,0.5,2385300,3200,48,0.01,23618,235,23853,,,,
98,32,2048,1024,10,10,0.5,2328875,4000,25,0.008,18463,168,18631,,,,
99,32,2048,1024,10,10,0.5,4232600,6400,43,0.005,20963,200,21163,,,,
0,64,2048,1024,10,10,0.5,1487800,3200,324,0.02,29198,558,29756,,,,
1,64,2048,1024,10,10,0.5,2935000,4266,77,0.015,43705,320,44025,,,,
2,64,2048,1024,10,10,0.5,4927777,7111,71,0.009,43926,424,44350,,,,
3,64,2048,1024,10,10,0.5,2879636,5818,41,0.011,31318,358,31676,,,,
4,64,2048,1024,10,10,0.5,3259000,7111,45,0.009,28931,400,29331,,,,
5,64,2048,1024,10,10,0.5,3642875,8000,44,0.008,28742,401,29143,,,,
6,64,2048,1024,10,10,0.5,5162750,8000,73,0.008,40892,410,41302,,,,
7,64,2048,1024,10,10,0.5,5414857,9142,77,0.007,37325,579,37904,,,,
8,64,2048,1024,10,10,0.5,5100285,9142,48,0.007,35343,359,35702,,,,
9,64,2048,1024,10,10,0.5,4397857,9142,47,0.007,30462,323,30785,,,,
10,64,2048,1024,10,10,0.5,5151000,8000,85,0.008,40616,592,41208,,,,
11,64,2048,1024,10,10,0.5,5103857,9142,64,0.007,35337,390,35727,,,,
12,64,2048,1024,10,10,0.5,6476857,9142,74,0.007,44938,400,45338,,,,
13,64,2048,1024,10,10,0.5,4851250,8000,62,0.008,38388,422,38810,,,,
14,64,2048,1024,10,10,0.5,5201428,9142,55,0.007,36070,340,36410,,,,
15,64,2048,1024,10,10,0.5,3887375,8000,61,0.008,30619,480,31099,,,,
16,64,2048,1024,10,10,0.5,3566777,7111,34,0.009,31811,290,32101,,,,
17,64,2048,1024,10,10,0.5,3411750,8000,30,0.008,26894,400,27294,,,,
18,64,2048,1024,10,10,0.5,5701125,8000,91,0.008,45036,573,45609,,,,
19,64,2048,1024,10,10,0.5,2857083,5333,41,0.012,33945,340,34285,,,,
20,64,2048,1024,10,10,0.5,4930000,5818,86,0.011,53680,550,54230,,,,
21,64,2048,1024,10,10,0.5,2471700,6400,11,0.01,24427,290,24717,,,,
22,64,2048,1024,10,10,0.5,4902571,9142,51,0.007,33928,390,34318,,,,
23,64,2048,1024,10,10,0.5,5099000,8000,88,0.008,40422,370,40792,,,,
24,64,2048,1024,10,10,0.5,5997571,9142,70,0.007,41524,459,41983,,,,
25,64,2048,1024,10,10,0.5,6610500,8000,70,0.008,52547,337,52884,,,,
26,64,2048,1024,10,10,0.5,4525000,8000,56,0.008,35760,440,36200,,,,
27,64,2048,1024,10,10,0.5,4933625,8000,55,0.008,39139,330,39469,,,,
28,64,2048,1024,10,10,0.5,6295428,9142,96,0.007,43541,527,44068,,,,
29,64,2048,1024,10,10,0.5,3853142,9142,37,0.007,26565,407,26972,,,,
30,64,2048,1024,10,10,0.5,7016500,10666,77,0.006,41699,400,42099,,,,
31,64,2048,1024,10,10,0.5,4341625,8000,31,0.008,34433,300,34733,,,,
32,64,2048,1024,10,10,0.5,4029444,7111,57,0.009,35805,460,36265,,,,
33,64,2048,1024,10,10,0.5,5694000,10666,64,0.006,33642,522,34164,,,,
34,64,2048,1024,10,10,0.5,4946285,9142,48,0.007,34314,310,34624,,,,
35,64,2048,1024,10,10,0.5,5788750,8000,77,0.008,45850,460,46310,,,,
36,64,2048,1024,10,10,0.5,5699833,10666,53,0.006,33848,351,34199,,,,
37,64,2048,1024,10,10,0.5,5474142,9142,47,0.007,38012,307,38319,,,,
38,64,2048,1024,10,10,0.5,6830833,10666,57,0.006,40645,340,40985,,,,
39,64,2048,1024,10,10,0.5,4583375,8000,64,0.008,36219,448,36667,,,,
40,64,2048,1024,10,10,0.5,5686857,9142,59,0.007,39480,328,39808,,,,
41,64,2048,1024,10,10,0.5,5315500,8000,49,0.008,42234,290,42524,,,,
42,64,2048,1024,10,10,0.5,4715428,9142,62,0.007,32619,389,33008,,,,
43,64,2048,1024,10,10,0.5,4868857,9142,45,0.007,33772,310,34082,,,,
44,64,2048,1024,10,10,0.5,5586142,9142,65,0.007,38753,350,39103,,,,
45,64,2048,1024,10,10,0.5,4044777,7111,45,0.009,36063,340,36403,,,,
46,64,2048,1024,10,10,0.5,6179714,9142,82,0.007,42818,440,43258,,,,
47,64,2048,1024,10,10,0.5,5588375,8000,63,0.008,44357,350,44707,,,,
48,64,2048,1024,10,10,0.5,5368333,10666,51,0.006,31780,430,32210,,,,
49,64,2048,1024,10,10,0.5,4508375,8000,44,0.008,35687,380,36067,,,,
50,64,2048,1024,10,10,0.5,5896000,9142,51,0.007,40912,360,41272,,,,
51,64,2048,1024,10,10,0.5,4741666,10666,54,0.006,27979,471,28450,,,,
52,64,2048,1024,10,10,0.5,4881000,9142,38,0.007,33857,310,34167,,,,
53,64,2048,1024,10,10,0.5,5310142,9142,36,0.007,36901,270,37171,,,,
54,64,2048,1024,10,10,0.5,4789714,9142,46,0.007,33110,418,33528,,,,
55,64,2048,1024,10,10,0.5,4556714,9142,45,0.007,31517,380,31897,,,,
56,64,2048,1024,10,10,0.5,5617285,9142,57,0.007,38921,400,39321,,,,
57,64,2048,1024,10,10,0.5,4633285,9142,23,0.007,32223,210,32433,,,,
58,64,2048,1024,10,10,0.5,7616428,9142,73,0.007,52985,330,53315,,,,
59,64,2048,1024,10,10,0.5,5391500,10666,34,0.006,31949,400,32349,,,,
60,64,2048,1024,10,10,0.5,7518600,12800,55,0.005,37203,390,37593,,,,
61,64,2048,1024,10,10,0.5,9341600,12800,111,0.005,46180,528,46708,,,,
62,64,2048,1024,10,10,0.5,7009000,10666,65,0.006,41704,350,42054,,,,
63,64,2048,1024,10,10,0.5,4574166,10666,58,0.006,26875,570,27445,,,,
64,64,2048,1024,10,10,0.5,6310166,10666,57,0.006,37401,460,37861,,,,
65,64,2048,1024,10,10,0.5,6093333,10666,49,0.006,36190,370,36560,,,,
66,64,2048,1024,10,10,0.5,7339200,12800,66,0.005,36232,464,36696,,,,
67,64,2048,1024,10,10,0.5,8800400,12800,77,0.005,43602,400,44002,,,,
68,64,2048,1024,10,10,0.5,6777200,12800,48,0.005,33596,290,33886,,,,
69,64,2048,1024,10,10,0.5,6899400,12800,45,0.005,34187,310,34497,,,,
70,64,2048,1024,10,10,0.5,6999333,10666,66,0.006,41643,353,41996,,,,
71,64,2048,1024,10,10,0.5,7339200,12800,36,0.005,36436,260,36696,,,,
72,64,2048,1024,10,10,0.5,7340600,12800,51,0.005,36423,280,36703,,,,
73,64,2048,1024,10,10,0.5,6937200,12800,56,0.005,34326,360,34686,,,,
74,64,2048,1024,10,10,0.5,7783750,16000,62,0.004,30675,460,31135,,,,
75,64,2048,1024,10,10,0.5,12319500,16000,78,0.004,48878,400,49278,,,,
76,64,2048,1024,10,10,0.5,9199500,16000,62,0.004,36418,380,36798,,,,
77,64,2048,1024,10,10,0.5,3965000,9142,33,0.007,27378,377,27755,,,,
78,64,2048,1024,10,10,0.5,8771400,12800,62,0.005,43447,410,43857,,,,
79,64,2048,1024,10,10,0.5,8401200,12800,65,0.005,41576,430,42006,,,,
80,64,2048,1024,10,10,0.5,8213000,12800,62,0.005,40756,309,41065,,,,
81,64,2048,1024,10,10,0.5,9402000,16000,70,0.004,37155,453,37608,,,,
82,64,2048,1024,10,10,0.5,7369600,12800,291,0.005,36548,300,36848,,,,
83,64,2048,1024,10,10,0.5,4631166,10666,17,0.006,27489,298,27787,,,,
84,64,2048,1024,10,10,0.5,10790000,16000,75,0.004,42679,481,43160,,,,
85,64,2048,1024,10,10,0.5,8201833,10666,80,0.006,48781,430,49211,,,,
86,64,2048,1024,10,10,0.5,3352636,5818,54,0.011,36509,370,36879,,,,
87,64,2048,1024,10,10,0.5,3063700,6400,47,0.01,30211,426,30637,,,,
88,64,2048,1024,10,10,0.5,4986571,9142,128,0.007,34500,406,34906,,,,
89,64,2048,1024,10,10,0.5,4201333,5333,88,0.012,49982,434,50416,,,,
90,64,2048,1024,10,10,0.5,6477428,9142,633,0.007,44916,426,45342,,,,
91,64,2048,1024,10,10,0.5,7595166,10666,92,0.006,44999,572,45571,,,,
92,64,2048,1024,10,10,0.5,7562200,12800,61,0.005,37421,390,37811,,,,
93,64,2048,1024,10,10,0.5,12123250,16000,65,0.004,48173,320,48493,,,,
94,64,2048,1024,10,10,0.5,4384250,5333,90,0.012,52246,365,52611,,,,
95,64,2048,1024,10,10,0.5,5507125,8000,92,0.008,43422,635,44057,,,,
96,64,2048,1024,10,10,0.5,5362000,7111,99,0.009,47618,640,48258,,,,
97,64,2048,1024,10,10,0.5,8711571,9142,142,0.007,60146,835,60981,,,,
98,64,2048,1024,10,10,0.5,5039666,10666,48,0.006,29777,461,30238,,,,
99,64,2048,1024,10,10,0.5,5834166,10666,49,0.006,34695,310,35005,,,,
0,128,2048,1024,10,10,0.5,1907750,3555,106,0.036,67954,725,68679,,,,
1,128,2048,1024,10,10,0.5,3263178,4571,170,0.028,90364,1005,91369,,,,
2,128,2048,1024,10,10,0.5,5097000,7111,133,0.018,90915,831,91746,,,,
3,128,2048,1024,10,10,0.5,4284529,7529,107,0.017,72014,823,72837,,,,
4,128,2048,1024,10,10,0.5,3167833,7111,44,0.018,56321,700,57021,,,,
5,128,2048,1024,10,10,0.5,3732388,7111,90,0.018,66370,813,67183,,,,
6,128,2048,1024,10,10,0.5,5156312,8000,123,0.016,81752,749,82501,,,,
7,128,2048,1024,10,10,0.5,5467750,8000,139,0.016,86597,887,87484,,,,
8,128,2048,1024,10,10,0.5,6170714,9142,131,0.014,85702,688,86390,,,,
9,128,2048,1024,10,10,0.5,3890526,6736,113,0.019,73007,913,73920,,,,
10,128,2048,1024,10,10,0.5,4287437,8000,81,0.016,67846,753,68599,,,,
11,128,2048,1024,10,10,0.5,5187437,8000,155,0.016,82026,973,82999,,,,
12,128,2048,1024,10,10,0.5,4584117,7529,97,0.017,77192,738,77930,,,,
13,128,2048,1024,10,10,0.5,5559533,8533,115,0.015,82523,870,83393,,,,
14,128,2048,1024,10,10,0.5,4951411,7529,345,0.017,83338,836,84174,,,,
15,128,2048,1024,10,10,0.5,5450562,8000,153,0.016,86259,950,87209,,,,
16,128,2048,1024,10,10,0.5,5853733,8533,124,0.015,86957,849,87806,,,,
17,128,2048,1024,10,10,0.5,5933800,8533,142,0.015,88119,888,89007,,,,
18,128,2048,1024,10,10,0.5,6226800,8533,154,0.015,92570,832,93402,,,,
19,128,2048,1024,10,10,0.5,5840500,9142,143,0.014,80946,821,81767,,,,
20,128,2048,1024,10,10,0.5,4428615,9846,68,0.013,56796,776,57572,,,,
21,128,2048,1024,10,10,0.5,5719071,9142,99,0.014,79418,649,80067,,,,
22,128,2048,1024,10,10,0.5,5280857,9142,124,0.014,73039,893,73932,,,,
23,128,2048,1024,10,10,0.5,4855800,8533,112,0.015,71977,860,72837,,,,
24,128,2048,1024,10,10,0.5,6031500,9142,125,0.014,83666,775,84441,,,,
25,128,2048,1024,10,10,0.5,5167357,9142,102,0.014,71553,790,72343,,,,
26,128,2048,1024,10,10,0.5,5216000,8000,115,0.016,82746,710,83456,,,,
27,128,2048,1024,10,10,0.5,5644066,8533,98,0.015,84007,654,84661,,,,
28,128,2048,1024,10,10,0.5,5409823,7529,146,0.017,91042,925,91967,,,,
29,128,2048,1024,10,10,0.5,5884066,8533,130,0.015,87359,902,88261,,,,
30,128,2048,1024,10,10,0.5,5415142,9142,92,0.014,75220,592,75812,,,,
31,128,2048,1024,10,10,0.5,5365117,7529,112,0.017,90520,687,91207,,,,
32,128,2048,1024,10,10,0.5,6052733,8533,133,0.015,89996,795,90791,,,,
33,128,2048,1024,10,10,0.5,6204250,8000,173,0.016,98236,1032,99268,,,,
34,128,2048,1024,10,10,0.5,6653300,6400,262,0.02,131596,1470,133066,,,,
35,128,2048,1024,10,10,0.5,5651533,8533,118,0.015,84128,645,84773,,,,
36,128,2048,1024,10,10,0.5,5322200,8533,102,0.015,79051,782,79833,,,,
37,128,2048,1024,10,10,0.5,4607933,8533,104,0.015,68189,930,69119,,,,
38,128,2048,1024,10,10,0.5,6777142,9142,155,0.014,93842,1038,94880,,,,
39,128,2048,1024,10,10,0.5,5403200,8533,114,0.015,80351,697,81048,,,,
40,128,2048,1024,10,10,0.5,9904500,9142,236,0.014,137504,1159,138663,,,,
41,128,2048,1024,10,10,0.5,7775333,10666,136,0.012,92489,815,93304,,,,
42,128,2048,1024,10,10,0.5,4399875,8000,100,0.016,69568,830,70398,,,,
43,128,2048,1024,10,10,0.5,8088333,10666,155,0.012,96230,830,97060,,,,
44,128,2048,1024,10,10,0.5,8669769,9846,253,0.013,111843,864,112707,,,,
45,128,2048,1024,10,10,0.5,8337076,9846,183,0.013,107552,830,108382,,,,
46,128,2048,1024,10,10,0.5,8006461,9846,163,0.013,103358,726,104084,,,,
47,128,2048,1024,10,10,0.5,9036076,9846,185,0.013,116606,863,117469,,,,
48,128,2048,1024,10,10,0.5,5925000,9846,102,0.013,76265,760,77025,,,,
49,128,2048,1024,10,10,0.5,10253000,11636,186,0.011,111917,866,112783,,,,
50,128,2048,1024,10,10,0.5,8024909,11636,153,0.011,87374,900,88274,,,,
51,128,2048,1024,10,10,0.5,9117300,12800,139,0.01,90431,742,91173,,,,
52,128,2048,1024,10,10,0.5,9820700,12800,132,0.01,97343,864,98207,,,,
53,128,2048,1024,10,10,0.5,4896090,5818,218,0.022,106463,1251,107714,,,,
54,128,2048,1024,10,10,0.5,3088826,5565,108,0.023,70057,986,71043,,,,
55,128,2048,1024,10,10,0.5,6089307,9846,166,0.013,77902,1259,79161,,,,
56,128,2048,1024,10,10,0.5,9543727,11636,207,0.011,103941,1040,104981,,,,
57,128,2048,1024,10,10,0.5,9511000,12800,167,0.01,94064,1046,95110,,,,
58,128,2048,1024,10,10,0.5,4670133,8533,170,0.015,69187,865,70052,,,,
59,128,2048,1024,10,10,0.5,10560100,12800,185,0.01,104588,1013,105601,,,,
60,128,2048,1024,10,10,0.5,11859125,16000,172,0.008,93923,950,94873,,,,
61,128,2048,1024,10,10,0.5,10721100,12800,237,0.01,105795,1416,107211,,,,
62,128,2048,1024,10,10,0.5,8880909,11636,165,0.011,96733,957,97690,,,,
63,128,2048,1024,10,10,0.5,7264800,8533,4114,0.015,107926,1046,108972,,,,
64,128,2048,1024,10,10,0.5,8546357,9142,190,0.014,118805,844,119649,,,,
65,128,2048,1024,10,10,0.5,8586333,10666,173,0.012,102216,820,103036,,,,
66,128,2048,1024,10,10,0.5,8482230,9846,187,0.013,109300,969,110269,,,,
67,128,2048,1024,10,10,0.5,4700600,8533,87,0.015,69778,731,70509,,,,
68,128,2048,1024,10,10,0.5,8160285,9142,185,0.014,113478,766,114244,,,,
69,128,2048,1024,10,10,0.5,8515461,9846,188,0.013,109693,1008,110701,,,,
70,128,2048,1024,10,10,0.5,7235785,9142,133,0.014,100688,613,101301,,,,
71,128,2048,1024,10,10,0.5,6964125,8000,168,0.016,110716,710,111426,,,,
72,128,2048,1024,10,10,0.5,9426333,10666,183,0.012,112296,820,113116,,,,
73,128,2048,1024,10,10,0.5,6193615,9846,135,0.013,79759,758,80517,,,,
74,128,2048,1024,10,10,0.5,6810923,9846,134,0.013,87861,681,88542,,,,
75,128,2048,1024,10,10,0.5,9113769,9846,213,0.013,117596,883,118479,,,,
76,128,2048,1024,10,10,0.5,7492461,9846,167,0.013,96664,738,97402,,,,
77,128,2048,1024,10,10,0.5,5910928,9142,139,0.014,81792,961,82753,,,,
78,128,2048,1024,10,10,0.5,9087500,10666,165,0.012,108290,760,109050,,,,
79,128,2048,1024,10,10,0.5,9206333,10666,178,0.012,109585,891,110476,,,,
80,128,2048,1024,10,10,0.5,5746428,9142,143,0.014,79830,620,80450,,,,
81,128,2048,1024,10,10,0.5,7807000,9846,170,0.013,100567,924,101491,,,,
82,128,2048,1024,10,10,0.5,8401800,12800,166,0.01,83010,1008,84018,,,,
83,128,2048,1024,10,10,0.5,8406142,9142,186,0.014,116822,864,117686,,,,
84,128,2048,1024,10,10,0.5,8585333,8533,184,0.015,128035,745,128780,,,,
85,128,2048,1024,10,10,0.5,7545846,9846,270,0.013,97135,961,98096,,,,
86,128,2048,1024,10,10,0.5,8028142,9142,187,0.014,111405,989,112394,,,,
87,128,2048,1024,10,10,0.5,4896384,9846,91,0.013,62787,866,63653,,,,
88,128,2048,1024,10,10,0.5,6631076,9846,114,0.013,85521,683,86204,,,,
89,128,2048,1024,10,10,0.5,8521538,9846,160,0.013,110007,773,110780,,,,
90,128,2048,1024,10,10,0.5,8658285,9142,207,0.014,120236,980,121216,,,,
91,128,2048,1024,10,10,0.5,8311692,9846,209,0.013,107235,817,108052,,,,
92,128,2048,1024,10,10,0.5,7995538,9846,178,0.013,103060,882,103942,,,,
93,128,2048,1024,10,10,0.5,7825833,10666,190,0.012,92758,1152,93910,,,,
94,128,2048,1024,10,10,0.5,8325909,11636,154,0.011,90791,794,91585,,,,
95,128,2048,1024,10,10,0.5,7369454,11636,151,0.011,80007,1057,81064,,,,
96,128,2048,1024,10,10,0.5,7632692,9846,218,0.013,98082,1143,99225,,,,
97,128,2048,1024,10,10,0.5,8876600,12800,171,0.01,87725,1041,88766,,,,
98,128,2048,1024,10,10,0.5,10556444,14222,165,0.009,94081,927,95008,,,,
99,128,2048,1024,10,10,0.5,9382800,12800,167,0.01,92857,971,93828,,,,
