Iteration,numThreads,range,size,minTxOps,minNonTxOps,ReadOnlyFrac,throughputOps,throughputTxs,aborts,elapsedTime,numReadOps,numWriteOps,operations
0,16,200,100,10,10,0.5,53529,941,104,0.017,579,331,910
1,16,200,100,10,10,0.5,228250,4000,12,0.004,813,100,913
2,16,200,100,10,10,0.5,253250,4000,18,0.004,841,172,1013
3,16,200,100,10,10,0.5,770500,8000,26,0.002,1413,128,1541
4,16,200,100,10,10,0.5,341666,5333,34,0.003,723,302,1025
5,16,200,100,10,10,0.5,472000,8000,48,0.002,804,140,944
6,16,200,100,10,10,0.5,259000,5333,17,0.003,597,180,777
7,16,200,100,10,10,0.5,487000,8000,15,0.002,864,110,974
8,16,200,100,10,10,0.5,539000,8000,15,0.002,986,92,1078
9,16,200,100,10,10,0.5,389500,8000,18,0.002,583,196,779
10,16,200,100,10,10,0.5,1311000,16000,17,0.001,1231,80,1311
11,16,200,100,10,10,0.5,329500,4000,21,0.004,1158,160,1318
12,16,200,100,10,10,0.5,235500,4000,13,0.004,810,132,942
13,16,200,100,10,10,0.5,598500,8000,22,0.002,1033,164,1197
14,16,200,100,10,10,0.5,328500,8000,10,0.002,513,144,657
15,16,200,100,10,10,0.5,886000,16000,21,0.001,658,228,886
16,16,200,100,10,10,0.5,441000,8000,15,0.002,750,132,882
17,16,200,100,10,10,0.5,225000,5333,2,0.003,585,90,675
18,16,200,100,10,10,0.5,572000,8000,16,0.002,1058,86,1144
19,16,200,100,10,10,0.5,783500,8000,21,0.002,1443,124,1567
20,16,200,100,10,10,0.5,1528000,16000,17,0.001,1428,100,1528
21,16,200,100,10,10,0.5,540000,8000,19,0.002,960,120,1080
22,16,200,100,10,10,0.5,472500,8000,15,0.002,825,120,945
23,16,200,100,10,10,0.5,215333,5333,13,0.003,488,158,646
24,16,200,100,10,10,0.5,722000,16000,10,0.001,575,147,722
25,16,200,100,10,10,0.5,372000,8000,2,0.002,674,70,744
26,16,200,100,10,10,0.5,783000,8000,28,0.002,1356,210,1566
27,16,200,100,10,10,0.5,695500,8000,23,0.002,1211,180,1391
28,16,200,100,10,10,0.5,557000,16000,11,0.001,408,149,557
29,16,200,100,10,10,0.5,225500,8000,6,0.002,320,131,451
30,16,200,100,10,10,0.5,185500,4000,9,0.004,622,120,742
31,16,200,100,10,10,0.5,391500,8000,12,0.002,600,183,783
32,16,200,100,10,10,0.5,802000,16000,9,0.001,709,93,802
33,16,200,100,10,10,0.5,394000,8000,10,0.002,678,110,788
34,16,200,100,10,10,0.5,190666,5333,13,0.003,408,164,572
35,16,200,100,10,10,0.5,484500,8000,24,0.002,769,200,969
36,16,200,100,10,10,0.5,333500,8000,15,0.002,507,160,667
37,16,200,100,10,10,0.5,403000,8000,7,0.002,706,100,806
38,16,200,100,10,10,0.5,266000,8000,1,0.002,452,80,532
39,16,200,100,10,10,0.5,188250,4000,7,0.004,646,107,753
40,16,200,100,10,10,0.5,141666,5333,9,0.003,285,140,425
41,16,200,100,10,10,0.5,395500,8000,9,0.002,701,90,791
42,16,200,100,10,10,0.5,1103000,16000,12,0.001,1033,70,1103
43,16,200,100,10,10,0.5,458000,8000,12,0.002,822,94,916
44,16,200,100,10,10,0.5,129666,5333,5,0.003,247,142,389
45,16,200,100,10,10,0.5,270333,5333,10,0.003,668,143,811
46,16,200,100,10,10,0.5,419500,8000,7,0.002,769,70,839
47,16,200,100,10,10,0.5,311500,8000,10,0.002,465,158,623
48,16,200,100,10,10,0.5,1517000,16000,21,0.001,1407,110,1517
49,16,200,100,10,10,0.5,368000,8000,18,0.002,516,220,736
50,16,200,100,10,10,0.5,444000,8000,13,0.002,741,147,888
51,16,200,100,10,10,0.5,296666,5333,10,0.003,767,123,890
52,16,200,100,10,10,0.5,473500,8000,17,0.002,787,160,947
53,16,200,100,10,10,0.5,846000,16000,27,0.001,620,226,846
54,16,200,100,10,10,0.5,494500,8000,87,0.002,607,382,989
55,16,200,100,10,10,0.5,356000,8000,16,0.002,573,139,712
56,16,200,100,10,10,0.5,981000,16000,11,0.001,891,90,981
57,16,200,100,10,10,0.5,430500,8000,11,0.002,761,100,861
58,16,200,100,10,10,0.5,1544000,16000,21,0.001,1404,140,1544
59,16,200,100,10,10,0.5,616500,8000,22,0.002,1033,200,1233
60,16,200,100,10,10,0.5,1062000,16000,16,0.001,942,120,1062
61,16,200,100,10,10,0.5,597500,8000,18,0.002,1045,150,1195
62,16,200,100,10,10,0.5,523500,8000,23,0.002,857,190,1047
63,16,200,100,10,10,0.5,578000,8000,24,0.002,956,200,1156
64,16,200,100,10,10,0.5,1105000,16000,22,0.001,935,170,1105
65,16,200,100,10,10,0.5,807000,16000,24,0.001,527,280,807
66,16,200,100,10,10,0.5,447500,8000,24,0.002,665,230,895
67,16,200,100,10,10,0.5,9223372036854775807,9223372036854775807,19,0.0,1125,134,1259
68,16,200,100,10,10,0.5,1031000,16000,12,0.001,899,132,1031
69,16,200,100,10,10,0.5,914000,16000,17,0.001,744,170,914
70,16,200,100,10,10,0.5,315000,16000,8,0.001,168,147,315
71,16,200,100,10,10,0.5,1413000,16000,17,0.001,1283,130,1413
72,16,200,100,10,10,0.5,318500,8000,21,0.002,394,243,637
73,16,200,100,10,10,0.5,280666,5333,9,0.003,732,110,842
74,16,200,100,10,10,0.5,762500,8000,17,0.002,1445,80,1525
75,16,200,100,10,10,0.5,1108000,16000,16,0.001,978,130,1108
76,16,200,100,10,10,0.5,1225000,16000,15,0.001,1075,150,1225
77,16,200,100,10,10,0.5,709000,16000,17,0.001,518,191,709
78,16,200,100,10,10,0.5,1025000,16000,24,0.001,854,171,1025
79,16,200,100,10,10,0.5,427500,8000,10,0.002,753,102,855
80,16,200,100,10,10,0.5,935000,16000,20,0.001,735,200,935
81,16,200,100,10,10,0.5,1386000,16000,21,0.001,1226,160,1386
82,16,200,100,10,10,0.5,1150000,16000,10,0.001,1080,70,1150
83,16,200,100,10,10,0.5,828000,16000,12,0.001,754,74,828
84,16,200,100,10,10,0.5,609000,8000,22,0.002,1028,190,1218
85,16,200,100,10,10,0.5,303750,4000,12,0.004,1125,90,1215
86,16,200,100,10,10,0.5,1047000,16000,14,0.001,917,130,1047
87,16,200,100,10,10,0.5,210333,2666,20,0.006,1121,141,1262
88,16,200,100,10,10,0.5,145333,5333,7,0.003,264,172,436
89,16,200,100,10,10,0.5,375500,8000,5,0.002,681,70,751
90,16,200,100,10,10,0.5,207000,2666,11,0.006,1162,80,1242
91,16,200,100,10,10,0.5,177250,4000,8,0.004,595,114,709
92,16,200,100,10,10,0.5,369500,8000,19,0.002,527,212,739
93,16,200,100,10,10,0.5,293000,5333,18,0.003,728,151,879
94,16,200,100,10,10,0.5,215800,3200,7,0.005,1019,60,1079
95,16,200,100,10,10,0.5,462000,8000,7,0.002,845,79,924
96,16,200,100,10,10,0.5,548500,8000,15,0.002,967,130,1097
97,16,200,100,10,10,0.5,903500,8000,24,0.002,1686,121,1807
98,16,200,100,10,10,0.5,888000,16000,8,0.001,778,110,888
99,16,200,100,10,10,0.5,594000,8000,20,0.002,1098,90,1188
0,16,200,100,10,10,0.5,64000,1454,78,0.011,423,281,704
1,16,200,100,10,10,0.5,185000,5333,32,0.003,290,265,555
2,16,200,100,10,10,0.5,238500,4000,22,0.004,798,156,954
3,16,200,100,10,10,0.5,523500,8000,21,0.002,908,139,1047
4,16,200,100,10,10,0.5,396333,5333,23,0.003,1035,154,1189
5,16,200,100,10,10,0.5,631000,8000,19,0.002,1142,120,1262
6,16,200,100,10,10,0.5,413333,5333,47,0.003,992,248,1240
7,16,200,100,10,10,0.5,980000,16000,17,0.001,842,138,980
8,16,200,100,10,10,0.5,555500,8000,18,0.002,994,117,1111
9,16,200,100,10,10,0.5,649500,8000,27,0.002,1067,232,1299
10,16,200,100,10,10,0.5,601500,8000,23,0.002,945,258,1203
11,16,200,100,10,10,0.5,1334000,16000,22,0.001,1179,155,1334
12,16,200,100,10,10,0.5,451500,8000,20,0.002,705,198,903
13,16,200,100,10,10,0.5,694000,8000,29,0.002,1223,165,1388
14,16,200,100,10,10,0.5,415000,8000,15,0.002,686,144,830
15,16,200,100,10,10,0.5,406000,8000,17,0.002,605,207,812
16,16,200,100,10,10,0.5,544500,8000,20,0.002,939,150,1089
17,16,200,100,10,10,0.5,1133000,16000,12,0.001,1023,110,1133
18,16,200,100,10,10,0.5,675000,8000,167,0.002,1249,101,1350
19,16,200,100,10,10,0.5,186600,3200,13,0.005,853,80,933
20,16,200,100,10,10,0.5,787000,16000,12,0.001,675,112,787
21,16,200,100,10,10,0.5,284333,5333,16,0.003,640,213,853
22,16,200,100,10,10,0.5,372500,8000,4,0.002,715,30,745
23,16,200,100,10,10,0.5,1118000,16000,7,0.001,1088,30,1118
24,16,200,100,10,10,0.5,1031000,16000,18,0.001,867,164,1031
25,16,200,100,10,10,0.5,464000,8000,6,0.002,858,70,928
26,16,200,100,10,10,0.5,387000,8000,10,0.002,644,130,774
27,16,200,100,10,10,0.5,1073000,16000,13,0.001,969,104,1073
28,16,200,100,10,10,0.5,341000,8000,10,0.002,559,123,682
29,16,200,100,10,10,0.5,412000,8000,11,0.002,688,136,824
30,16,200,100,10,10,0.5,319500,8000,13,0.002,489,150,639
31,16,200,100,10,10,0.5,395500,8000,35,0.002,643,148,791
32,16,200,100,10,10,0.5,346000,8000,5,0.002,592,100,692
33,16,200,100,10,10,0.5,924000,16000,16,0.001,776,148,924
34,16,200,100,10,10,0.5,603000,8000,10,0.002,1136,70,1206
35,16,200,100,10,10,0.5,1180000,16000,16,0.001,1070,110,1180
36,16,200,100,10,10,0.5,548000,8000,12,0.002,1026,70,1096
37,16,200,100,10,10,0.5,263500,8000,13,0.002,358,169,527
38,16,200,100,10,10,0.5,269500,8000,5,0.002,459,80,539
39,16,200,100,10,10,0.5,532500,8000,13,0.002,1005,60,1065
40,16,200,100,10,10,0.5,472000,8000,10,0.002,844,100,944
41,16,200,100,10,10,0.5,226000,5333,6,0.003,612,66,678
42,16,200,100,10,10,0.5,524500,8000,14,0.002,919,130,1049
43,16,200,100,10,10,0.5,331500,8000,14,0.002,486,177,663
44,16,200,100,10,10,0.5,1045000,16000,25,0.001,815,230,1045
45,16,200,100,10,10,0.5,728000,16000,8,0.001,625,103,728
46,16,200,100,10,10,0.5,636000,16000,9,0.001,503,133,636
47,16,200,100,10,10,0.5,739000,8000,14,0.002,1428,50,1478
48,16,200,100,10,10,0.5,322500,8000,5,0.002,545,100,645
49,16,200,100,10,10,0.5,1495000,16000,16,0.001,1385,110,1495
50,16,200,100,10,10,0.5,1390000,16000,24,0.001,1220,170,1390
51,16,200,100,10,10,0.5,566500,8000,19,0.002,1013,120,1133
52,16,200,100,10,10,0.5,486500,8000,10,0.002,903,70,973
53,16,200,100,10,10,0.5,646000,16000,7,0.001,526,120,646
54,16,200,100,10,10,0.5,1184000,16000,64,0.001,998,186,1184
55,16,200,100,10,10,0.5,862000,16000,32,0.001,690,172,862
56,16,200,100,10,10,0.5,1193000,16000,22,0.001,1007,186,1193
57,16,200,100,10,10,0.5,249000,8000,5,0.002,388,110,498
58,16,200,100,10,10,0.5,647000,16000,9,0.001,496,151,647
59,16,200,100,10,10,0.5,451500,8000,14,0.002,811,92,903
60,16,200,100,10,10,0.5,723000,16000,9,0.001,613,110,723
61,16,200,100,10,10,0.5,297333,5333,14,0.003,712,180,892
62,16,200,100,10,10,0.5,1047000,16000,17,0.001,857,190,1047
63,16,200,100,10,10,0.5,789500,8000,30,0.002,1379,200,1579
64,16,200,100,10,10,0.5,1204000,16000,19,0.001,1064,140,1204
65,16,200,100,10,10,0.5,335500,8000,12,0.002,511,160,671
66,16,200,100,10,10,0.5,1150000,16000,18,0.001,984,166,1150
67,16,200,100,10,10,0.5,811000,16000,13,0.001,691,120,811
68,16,200,100,10,10,0.5,373000,8000,25,0.002,456,290,746
69,16,200,100,10,10,0.5,574500,8000,17,0.002,1019,130,1149
70,16,200,100,10,10,0.5,623500,8000,22,0.002,1009,238,1247
71,16,200,100,10,10,0.5,1085000,16000,16,0.001,981,104,1085
72,16,200,100,10,10,0.5,730000,16000,8,0.001,620,110,730
73,16,200,100,10,10,0.5,922000,16000,31,0.001,640,282,922
74,16,200,100,10,10,0.5,906000,16000,25,0.001,631,275,906
75,16,200,100,10,10,0.5,799000,8000,25,0.002,1460,138,1598
76,16,200,100,10,10,0.5,1216000,16000,20,0.001,1040,176,1216
77,16,200,100,10,10,0.5,533000,8000,21,0.002,846,220,1066
78,16,200,100,10,10,0.5,1008500,8000,339,0.002,1364,653,2017
79,16,200,100,10,10,0.5,587000,8000,10,0.002,1104,70,1174
80,16,200,100,10,10,0.5,322000,8000,14,0.002,450,194,644
81,16,200,100,10,10,0.5,690000,16000,6,0.001,570,120,690
82,16,200,100,10,10,0.5,246333,5333,8,0.003,659,80,739
83,16,200,100,10,10,0.5,433500,8000,20,0.002,683,184,867
84,16,200,100,10,10,0.5,1543000,16000,21,0.001,1439,104,1543
85,16,200,100,10,10,0.5,716000,16000,10,0.001,582,134,716
86,16,200,100,10,10,0.5,1295000,16000,16,0.001,1209,86,1295
87,16,200,100,10,10,0.5,936000,16000,21,0.001,771,165,936
88,16,200,100,10,10,0.5,1243000,16000,14,0.001,1108,135,1243
89,16,200,100,10,10,0.5,602500,8000,17,0.002,1096,109,1205
90,16,200,100,10,10,0.5,696000,16000,10,0.001,576,120,696
91,16,200,100,10,10,0.5,311000,8000,7,0.002,502,120,622
92,16,200,100,10,10,0.5,1433000,16000,16,0.001,1333,100,1433
93,16,200,100,10,10,0.5,1519000,16000,303,0.001,835,684,1519
94,16,200,100,10,10,0.5,606500,8000,22,0.002,1055,158,1213
95,16,200,100,10,10,0.5,483000,16000,7,0.001,363,120,483
96,16,200,100,10,10,0.5,1083000,16000,16,0.001,945,138,1083
97,16,200,100,10,10,0.5,774000,16000,5,0.001,734,40,774
98,16,200,100,10,10,0.5,586000,16000,13,0.001,413,173,586
99,16,200,100,10,10,0.5,592500,8000,17,0.002,1035,150,1185
0,16,200,100,10,10,0.5,41437,1000,29,0.016,517,146,663
1,16,200,100,10,10,0.5,412333,5333,35,0.003,1016,221,1237
2,16,200,100,10,10,0.5,275250,4000,53,0.004,889,212,1101
3,16,200,100,10,10,0.5,381333,5333,15,0.003,1077,67,1144
4,16,200,100,10,10,0.5,468500,8000,22,0.002,775,162,937
5,16,200,100,10,10,0.5,543500,8000,25,0.002,896,191,1087
6,16,200,100,10,10,0.5,255750,4000,39,0.004,845,178,1023
7,16,200,100,10,10,0.5,402500,8000,14,0.002,695,110,805
8,16,200,100,10,10,0.5,287500,8000,22,0.002,350,225,575
9,16,200,100,10,10,0.5,1054000,16000,6,0.001,1004,50,1054
10,16,200,100,10,10,0.5,559000,16000,14,0.001,449,110,559
11,16,200,100,10,10,0.5,1141000,16000,25,0.001,969,172,1141
12,16,200,100,10,10,0.5,113400,3200,19,0.005,355,212,567
13,16,200,100,10,10,0.5,399000,8000,6,0.002,738,60,798
14,16,200,100,10,10,0.5,556500,8000,23,0.002,961,152,1113
15,16,200,100,10,10,0.5,319000,8000,7,0.002,564,74,638
16,16,200,100,10,10,0.5,331000,8000,20,0.002,424,238,662
17,16,200,100,10,10,0.5,275333,5333,17,0.003,675,151,826
18,16,200,100,10,10,0.5,574500,8000,20,0.002,1026,123,1149
19,16,200,100,10,10,0.5,758500,8000,16,0.002,1477,40,1517
20,16,200,100,10,10,0.5,605000,8000,12,0.002,1137,73,1210
21,16,200,100,10,10,0.5,417000,8000,13,0.002,721,113,834
22,16,200,100,10,10,0.5,695000,16000,9,0.001,568,127,695
23,16,200,100,10,10,0.5,416000,8000,11,0.002,689,143,832
24,16,200,100,10,10,0.5,789000,16000,13,0.001,674,115,789
25,16,200,100,10,10,0.5,484500,8000,15,0.002,813,156,969
26,16,200,100,10,10,0.5,1072000,16000,16,0.001,949,123,1072
27,16,200,100,10,10,0.5,823000,16000,18,0.001,633,190,823
28,16,200,100,10,10,0.5,760000,16000,20,0.001,546,214,760
29,16,200,100,10,10,0.5,831500,8000,19,0.002,1603,60,1663
30,16,200,100,10,10,0.5,1082000,16000,11,0.001,976,106,1082
31,16,200,100,10,10,0.5,418500,8000,15,0.002,685,152,837
32,16,200,100,10,10,0.5,353500,8000,8,0.002,606,101,707
33,16,200,100,10,10,0.5,467000,8000,12,0.002,832,102,934
34,16,200,100,10,10,0.5,336500,8000,8,0.002,543,130,673
35,16,200,100,10,10,0.5,268500,8000,8,0.002,417,120,537
36,16,200,100,10,10,0.5,865500,8000,20,0.002,1631,100,1731
37,16,200,100,10,10,0.5,314500,8000,3,0.002,549,80,629
38,16,200,100,10,10,0.5,282000,8000,7,0.002,464,100,564
39,16,200,100,10,10,0.5,276000,8000,8,0.002,432,120,552
40,16,200,100,10,10,0.5,379500,8000,11,0.002,627,132,759
41,16,200,100,10,10,0.5,658000,8000,16,0.002,1183,133,1316
42,16,200,100,10,10,0.5,560000,16000,13,0.001,382,178,560
43,16,200,100,10,10,0.5,610000,16000,5,0.001,540,70,610
44,16,200,100,10,10,0.5,480000,8000,6,0.002,900,60,960
45,16,200,100,10,10,0.5,789000,16000,14,0.001,679,110,789
46,16,200,100,10,10,0.5,435000,8000,14,0.002,710,160,870
47,16,200,100,10,10,0.5,662000,16000,6,0.001,592,70,662
48,16,200,100,10,10,0.5,773000,16000,12,0.001,629,144,773
49,16,200,100,10,10,0.5,784000,16000,12,0.001,644,140,784
50,16,200,100,10,10,0.5,481500,8000,16,0.002,836,127,963
51,16,200,100,10,10,0.5,553000,8000,21,0.002,936,170,1106
52,16,200,100,10,10,0.5,1326000,16000,12,0.001,1276,50,1326
53,16,200,100,10,10,0.5,963000,16000,19,0.001,763,200,963
54,16,200,100,10,10,0.5,547000,8000,16,0.002,967,127,1094
55,16,200,100,10,10,0.5,1004000,16000,16,0.001,903,101,1004
56,16,200,100,10,10,0.5,610333,5333,103,0.003,1652,179,1831
57,16,200,100,10,10,0.5,996000,16000,24,0.001,740,256,996
58,16,200,100,10,10,0.5,836000,16000,9,0.001,716,120,836
59,16,200,100,10,10,0.5,639000,16000,15,0.001,449,190,639
60,16,200,100,10,10,0.5,412000,8000,7,0.002,734,90,824
61,16,200,100,10,10,0.5,367500,8000,6,0.002,648,87,735
62,16,200,100,10,10,0.5,427500,8000,19,0.002,653,202,855
63,16,200,100,10,10,0.5,369000,8000,4,0.002,638,100,738
64,16,200,100,10,10,0.5,647000,16000,16,0.001,487,160,647
65,16,200,100,10,10,0.5,508500,8000,18,0.002,867,150,1017
66,16,200,100,10,10,0.5,633500,8000,15,0.002,1163,104,1267
67,16,200,100,10,10,0.5,1716000,16000,20,0.001,1595,121,1716
68,16,200,100,10,10,0.5,363500,8000,7,0.002,597,130,727
69,16,200,100,10,10,0.5,704000,8000,32,0.002,1281,127,1408
70,16,200,100,10,10,0.5,748000,16000,9,0.001,618,130,748
71,16,200,100,10,10,0.5,751500,8000,15,0.002,1393,110,1503
72,16,200,100,10,10,0.5,695000,16000,21,0.001,423,272,695
73,16,200,100,10,10,0.5,758000,16000,11,0.001,614,144,758
74,16,200,100,10,10,0.5,711000,16000,11,0.001,561,150,711
75,16,200,100,10,10,0.5,607000,8000,24,0.002,1044,170,1214
76,16,200,100,10,10,0.5,1227000,16000,21,0.001,1047,180,1227
77,16,200,100,10,10,0.5,542500,8000,15,0.002,953,132,1085
78,16,200,100,10,10,0.5,390000,8000,6,0.002,701,79,780
79,16,200,100,10,10,0.5,340500,8000,8,0.002,543,138,681
80,16,200,100,10,10,0.5,550000,8000,17,0.002,950,150,1100
81,16,200,100,10,10,0.5,416500,8000,20,0.002,610,223,833
82,16,200,100,10,10,0.5,854000,16000,6,0.001,794,60,854
83,16,200,100,10,10,0.5,812500,8000,24,0.002,1525,100,1625
84,16,200,100,10,10,0.5,505500,8000,22,0.002,843,168,1011
85,16,200,100,10,10,0.5,1229000,16000,21,0.001,1105,124,1229
86,16,200,100,10,10,0.5,277333,5333,17,0.003,673,159,832
87,16,200,100,10,10,0.5,623000,16000,17,0.001,445,178,623
88,16,200,100,10,10,0.5,310333,5333,14,0.003,811,120,931
89,16,200,100,10,10,0.5,621500,8000,20,0.002,1083,160,1243
90,16,200,100,10,10,0.5,774000,8000,19,0.002,1428,120,1548
91,16,200,100,10,10,0.5,1032000,16000,20,0.001,850,182,1032
92,16,200,100,10,10,0.5,686000,8000,18,0.002,1213,159,1372
93,16,200,100,10,10,0.5,671000,8000,13,0.002,1262,80,1342
94,16,200,100,10,10,0.5,646500,8000,16,0.002,1153,140,1293
95,16,200,100,10,10,0.5,601000,8000,13,0.002,1136,66,1202
96,16,200,100,10,10,0.5,1241000,16000,16,0.001,1121,120,1241
97,16,200,100,10,10,0.5,556500,8000,21,0.002,964,149,1113
98,16,200,100,10,10,0.5,833000,16000,15,0.001,678,155,833
99,16,200,100,10,10,0.5,777000,16000,20,0.001,517,260,777
0,16,200,100,10,10,0.5,108500,1600,41,0.01,917,168,1085
1,16,200,100,10,10,0.5,609500,8000,21,0.002,1103,116,1219
2,16,200,100,10,10,0.5,415333,5333,21,0.003,1106,140,1246
3,16,200,100,10,10,0.5,512666,5333,19,0.003,1462,76,1538
4,16,200,100,10,10,0.5,437333,5333,23,0.003,1221,91,1312
5,16,200,100,10,10,0.5,511500,8000,21,0.002,859,164,1023
6,16,200,100,10,10,0.5,532500,8000,22,0.002,896,169,1065
7,16,200,100,10,10,0.5,570000,8000,18,0.002,1060,80,1140
8,16,200,100,10,10,0.5,473500,8000,26,0.002,683,264,947
9,16,200,100,10,10,0.5,381000,8000,13,0.002,622,140,762
10,16,200,100,10,10,0.5,524000,8000,27,0.002,775,273,1048
11,16,200,100,10,10,0.5,982000,16000,15,0.001,863,119,982
12,16,200,100,10,10,0.5,131800,3200,20,0.005,450,209,659
13,16,200,100,10,10,0.5,456000,8000,12,0.002,797,115,912
14,16,200,100,10,10,0.5,490500,8000,17,0.002,858,123,981
15,16,200,100,10,10,0.5,408000,8000,14,0.002,664,152,816
16,16,200,100,10,10,0.5,278750,4000,21,0.004,975,140,1115
17,16,200,100,10,10,0.5,744000,8000,25,0.002,1310,178,1488
18,16,200,100,10,10,0.5,926000,16000,15,0.001,796,130,926
19,16,200,100,10,10,0.5,704500,8000,17,0.002,1349,60,1409
20,16,200,100,10,10,0.5,1064000,16000,23,0.001,874,190,1064
21,16,200,100,10,10,0.5,219500,8000,25,0.002,232,207,439
22,16,200,100,10,10,0.5,1164000,16000,15,0.001,1031,133,1164
23,16,200,100,10,10,0.5,472500,8000,17,0.002,805,140,945
24,16,200,100,10,10,0.5,572000,8000,16,0.002,999,145,1144
25,16,200,100,10,10,0.5,504000,8000,17,0.002,893,115,1008
26,16,200,100,10,10,0.5,492500,8000,13,0.002,836,149,985
27,16,200,100,10,10,0.5,140000,5333,3,0.003,290,130,420
28,16,200,100,10,10,0.5,939000,16000,14,0.001,799,140,939
29,16,200,100,10,10,0.5,411000,8000,2,0.002,772,50,822
30,16,200,100,10,10,0.5,577000,8000,21,0.002,1003,151,1154
31,16,200,100,10,10,0.5,336500,8000,8,0.002,583,90,673
32,16,200,100,10,10,0.5,280500,8000,13,0.002,383,178,561
33,16,200,100,10,10,0.5,950000,16000,16,0.001,800,150,950
34,16,200,100,10,10,0.5,280500,8000,4,0.002,465,96,561
35,16,200,100,10,10,0.5,223333,5333,7,0.003,542,128,670
36,16,200,100,10,10,0.5,338500,8000,4,0.002,637,40,677
37,16,200,100,10,10,0.5,1065000,16000,11,0.001,978,87,1065
38,16,200,100,10,10,0.5,332500,8000,19,0.002,421,244,665
39,16,200,100,10,10,0.5,9223372036854775807,9223372036854775807,11,0.0,739,127,866
40,16,200,100,10,10,0.5,221000,5333,7,0.003,503,160,663
41,16,200,100,10,10,0.5,1404000,16000,23,0.001,1259,145,1404
42,16,200,100,10,10,0.5,9223372036854775807,9223372036854775807,18,0.0,332,248,580
43,16,200,100,10,10,0.5,1362000,16000,21,0.001,1197,165,1362
44,16,200,100,10,10,0.5,714000,16000,12,0.001,580,134,714
45,16,200,100,10,10,0.5,1178000,16000,17,0.001,1052,126,1178
46,16,200,100,10,10,0.5,527500,8000,26,0.002,886,169,1055
47,16,200,100,10,10,0.5,1482000,16000,17,0.001,1379,103,1482
48,16,200,100,10,10,0.5,175250,4000,14,0.004,581,120,701
49,16,200,100,10,10,0.5,267666,5333,21,0.003,593,210,803
50,16,200,100,10,10,0.5,577000,5333,27,0.003,1534,197,1731
51,16,200,100,10,10,0.5,968000,16000,27,0.001,727,241,968
52,16,200,100,10,10,0.5,176142,2285,46,0.007,1128,105,1233
53,16,200,100,10,10,0.5,389333,5333,25,0.003,979,189,1168
54,16,200,100,10,10,0.5,198166,2666,14,0.006,1059,130,1189
55,16,200,100,10,10,0.5,406666,5333,23,0.003,1080,140,1220
56,16,200,100,10,10,0.5,735000,8000,23,0.002,1318,152,1470
57,16,200,100,10,10,0.5,182428,2285,20,0.007,1197,80,1277
58,16,200,100,10,10,0.5,151833,2666,15,0.006,719,192,911
59,16,200,100,10,10,0.5,392333,5333,19,0.003,1027,150,1177
60,16,200,100,10,10,0.5,312000,5333,18,0.003,756,180,936
61,16,200,100,10,10,0.5,416333,5333,22,0.003,1099,150,1249
62,16,200,100,10,10,0.5,308333,5333,18,0.003,751,174,925
63,16,200,100,10,10,0.5,416666,5333,18,0.003,1120,130,1250
64,16,200,100,10,10,0.5,341333,5333,17,0.003,844,180,1024
65,16,200,100,10,10,0.5,503000,5333,18,0.003,1439,70,1509
66,16,200,100,10,10,0.5,446000,8000,20,0.002,702,190,892
67,16,200,100,10,10,0.5,704000,8000,17,0.002,1308,100,1408
68,16,200,100,10,10,0.5,917000,8000,23,0.002,1734,100,1834
69,16,200,100,10,10,0.5,1706000,16000,278,0.001,1646,60,1706
70,16,200,100,10,10,0.5,409000,8000,24,0.002,576,242,818
71,16,200,100,10,10,0.5,457000,16000,23,0.001,145,312,457
72,16,200,100,10,10,0.5,1627000,16000,21,0.001,1536,91,1627
73,16,200,100,10,10,0.5,437000,8000,20,0.002,737,137,874
74,16,200,100,10,10,0.5,578000,8000,13,0.002,1050,106,1156
75,16,200,100,10,10,0.5,1009000,16000,18,0.001,863,146,1009
76,16,200,100,10,10,0.5,821000,16000,18,0.001,669,152,821
77,16,200,100,10,10,0.5,311000,5333,15,0.003,789,144,933
78,16,200,100,10,10,0.5,833000,16000,12,0.001,703,130,833
79,16,200,100,10,10,0.5,674500,8000,60,0.002,1097,252,1349
80,16,200,100,10,10,0.5,408500,8000,15,0.002,697,120,817
81,16,200,100,10,10,0.5,1527000,16000,27,0.001,1315,212,1527
82,16,200,100,10,10,0.5,550500,8000,23,0.002,891,210,1101
83,16,200,100,10,10,0.5,510500,8000,20,0.002,896,125,1021
84,16,200,100,10,10,0.5,1353000,16000,17,0.001,1254,99,1353
85,16,200,100,10,10,0.5,872000,16000,23,0.001,638,234,872
86,16,200,100,10,10,0.5,459000,8000,7,0.002,818,100,918
87,16,200,100,10,10,0.5,442000,8000,15,0.002,723,161,884
88,16,200,100,10,10,0.5,9223372036854775807,9223372036854775807,17,0.0,1247,90,1337
89,16,200,100,10,10,0.5,473000,8000,18,0.002,775,171,946
90,16,200,100,10,10,0.5,1012000,16000,7,0.001,972,40,1012
91,16,200,100,10,10,0.5,304000,8000,10,0.002,478,130,608
92,16,200,100,10,10,0.5,920000,16000,18,0.001,768,152,920
93,16,200,100,10,10,0.5,805000,16000,7,0.001,725,80,805
94,16,200,100,10,10,0.5,771666,5333,1014,0.003,1496,819,2315
95,16,200,100,10,10,0.5,465000,8000,11,0.002,860,70,930
96,16,200,100,10,10,0.5,1115000,16000,14,0.001,990,125,1115
97,16,200,100,10,10,0.5,786500,8000,21,0.002,1413,160,1573
98,16,200,100,10,10,0.5,882000,16000,19,0.001,686,196,882
99,16,200,100,10,10,0.5,828000,16000,14,0.001,656,172,828
